gene,eps,pan_cancer_cluster_number,pan_cancer_distribution,TNBC_distribution,cluster_combination,TNBC_distribution_in_this_cluster,centroid_distance,cluster_separation,total_TNBC_dist_in_cluster
FXYD3,0.1999999999999999,5,"{'0': 900, '-1': 537, '1': 185, '3': 30, '2': 21}","{'0': 13, '-1': 11, '1': 5, '3': 1}","(0, 1)","{0: 13, 1: 5}",8.27318011750499,4.357161844505127,18
FXYD3,0.2099999999999999,3,"{'0': 905, '-1': 491, '1': 277}","{'0': 13, '1': 9, '-1': 8}","(0, 1)","{0: 13, 1: 9}",8.007054025142173,3.18559551486889,22
FXYD3,0.2199999999999999,3,"{'1': 911, '-1': 452, '0': 310}","{'1': 13, '0': 9, '-1': 8}","(0, 1)","{0: 9, 1: 13}",7.947939848886276,2.9500517258811367,22
VIM,0.2099999999999999,3,"{'0': 825, '-1': 590, '1': 258}","{'-1': 15, '0': 10, '1': 5}","(0, 1)","{0: 10, 1: 5}",7.942913529787962,1.6434995771732783,15
GSTP1,0.5599999999999998,3,"{'0': 1513, '1': 96, '-1': 64}","{'0': 25, '1': 4, '-1': 1}","(0, 1)","{0: 25, 1: 4}",7.829524978099092,1.4970928883736143,29
FXYD3,0.2299999999999999,4,"{'1': 914, '-1': 375, '0': 355, '2': 29}","{'1': 13, '0': 11, '-1': 6}","(0, 1)","{0: 11, 1: 13}",7.825890151429707,2.9150714303330547,24
GSTP1,0.5699999999999997,3,"{'0': 1515, '1': 97, '-1': 61}","{'0': 25, '1': 4, '-1': 1}","(0, 1)","{0: 25, 1: 4}",7.816429406587448,1.4970928883736143,29
VIM,0.2199999999999999,3,"{'0': 877, '-1': 509, '1': 287}","{'0': 12, '-1': 12, '1': 6}","(0, 1)","{0: 12, 1: 6}",7.796479889876743,1.1382718001722203,18
GSTP1,0.5799999999999997,3,"{'0': 1516, '1': 105, '-1': 52}","{'0': 25, '1': 5}","(0, 1)","{0: 25, 1: 5}",7.791676296018954,1.4970928883736143,30
GSTP1,0.5899999999999997,3,"{'0': 1518, '1': 106, '-1': 49}","{'0': 25, '1': 5}","(0, 1)","{0: 25, 1: 5}",7.791386784481777,1.4970928883736143,30
GSTP1,0.6199999999999998,3,"{'0': 1521, '1': 106, '-1': 46}","{'0': 25, '1': 5}","(0, 1)","{0: 25, 1: 5}",7.7895773393453425,1.4970928883736143,30
GSTP1,0.5999999999999998,3,"{'0': 1520, '1': 106, '-1': 47}","{'0': 25, '1': 5}","(0, 1)","{0: 25, 1: 5}",7.789528380279531,1.4970928883736143,30
GSTP1,0.6099999999999998,3,"{'0': 1520, '1': 106, '-1': 47}","{'0': 25, '1': 5}","(0, 1)","{0: 25, 1: 5}",7.789528380279531,1.4970928883736143,30
GSTP1,0.5499999999999998,3,"{'0': 1512, '1': 89, '-1': 72}","{'0': 25, '1': 4, '-1': 1}","(0, 1)","{0: 25, 1: 4}",7.783094504226254,1.8441290891152369,29
GSTP1,0.4199999999999998,3,"{'0': 1421, '-1': 193, '1': 59}","{'0': 25, '1': 4, '-1': 1}","(0, 1)","{0: 25, 1: 4}",7.777155284669851,3.4942192150120106,29
GSTP1,0.5399999999999998,3,"{'0': 1511, '1': 85, '-1': 77}","{'0': 25, '1': 4, '-1': 1}","(0, 1)","{0: 25, 1: 4}",7.77478674833826,1.8441290891152369,29
GSTP1,0.4099999999999998,3,"{'0': 1417, '-1': 198, '1': 58}","{'0': 25, '1': 4, '-1': 1}","(0, 1)","{0: 25, 1: 4}",7.757965993196466,3.4942192150120106,29
GSTP1,0.5099999999999998,4,"{'0': 1469, '-1': 85, '1': 79, '2': 40}","{'0': 25, '1': 4, '-1': 1}","(0, 1)","{0: 25, 1: 4}",7.716471421840344,1.8441290891152369,29
GSTP1,0.5299999999999998,4,"{'0': 1476, '1': 82, '-1': 80, '2': 35}","{'0': 25, '1': 4, '-1': 1}","(0, 1)","{0: 25, 1: 4}",7.714862655153224,1.8441290891152369,29
GSTP1,0.4299999999999998,3,"{'0': 1429, '-1': 180, '1': 64}","{'0': 25, '1': 4, '-1': 1}","(0, 1)","{0: 25, 1: 4}",7.706398018844626,3.1772178012045753,29
GSTP1,0.4399999999999998,3,"{'0': 1436, '-1': 172, '1': 65}","{'0': 25, '1': 4, '-1': 1}","(0, 1)","{0: 25, 1: 4}",7.699438843249257,3.1772178012045753,29
GSTP1,0.4999999999999998,4,"{'0': 1467, '-1': 91, '1': 77, '2': 38}","{'0': 25, '1': 4, '-1': 1}","(0, 1)","{0: 25, 1: 4}",7.697683287404389,1.8441290891152369,29
GSTP1,0.3899999999999998,3,"{'0': 1412, '-1': 208, '1': 53}","{'0': 25, '1': 3, '-1': 2}","(0, 1)","{0: 25, 1: 3}",7.695317097235209,3.4942192150120106,28
GSTP1,0.3999999999999998,3,"{'0': 1414, '-1': 206, '1': 53}","{'0': 25, '1': 3, '-1': 2}","(0, 1)","{0: 25, 1: 3}",7.694882638297274,3.4942192150120106,28
GSTP1,0.4499999999999998,3,"{'0': 1441, '-1': 167, '1': 65}","{'0': 25, '1': 4, '-1': 1}","(0, 1)","{0: 25, 1: 4}",7.6946147398039315,3.1246224001085396,29
GSTP1,0.5199999999999998,4,"{'0': 1474, '1': 81, '-1': 81, '2': 37}","{'0': 25, '1': 4, '-1': 1}","(0, 1)","{0: 25, 1: 4}",7.693582386751197,1.8441290891152369,29
GSTP1,0.4599999999999998,3,"{'0': 1443, '-1': 164, '1': 66}","{'0': 25, '1': 4, '-1': 1}","(0, 1)","{0: 25, 1: 4}",7.66722258740794,2.792530975775103,29
GSTP1,0.4699999999999998,3,"{'0': 1451, '-1': 152, '1': 70}","{'0': 25, '1': 4, '-1': 1}","(0, 1)","{0: 25, 1: 4}",7.6590785973657,2.609151966288227,29
GSTP1,0.4799999999999998,3,"{'0': 1461, '-1': 140, '1': 72}","{'0': 25, '1': 4, '-1': 1}","(0, 1)","{0: 25, 1: 4}",7.632382812084322,1.893381230119164,29
LDHB,0.6299999999999998,3,"{'0': 1563, '1': 74, '-1': 36}","{'0': 23, '-1': 4, '1': 3}","(0, 1)","{0: 23, 1: 3}",7.61780883985905,1.3762128927764632,26
GSTP1,0.4899999999999998,4,"{'0': 1463, '-1': 99, '1': 73, '2': 38}","{'0': 25, '1': 4, '-1': 1}","(0, 1)","{0: 25, 1: 4}",7.611861673140359,1.8441290891152369,29
LDHB,0.6099999999999998,3,"{'0': 1563, '1': 68, '-1': 42}","{'0': 23, '-1': 4, '1': 3}","(0, 1)","{0: 23, 1: 3}",7.522549278796918,1.6871817756739582,26
LDHB,0.6199999999999998,3,"{'0': 1563, '1': 68, '-1': 42}","{'0': 23, '-1': 4, '1': 3}","(0, 1)","{0: 23, 1: 3}",7.522549278796918,1.6871817756739582,26
LDHB,0.5699999999999997,3,"{'0': 1561, '1': 66, '-1': 46}","{'0': 23, '-1': 4, '1': 3}","(0, 1)","{0: 23, 1: 3}",7.465965241116177,1.6871817756739582,26
LDHB,0.5799999999999997,3,"{'0': 1561, '1': 66, '-1': 46}","{'0': 23, '-1': 4, '1': 3}","(0, 1)","{0: 23, 1: 3}",7.465965241116177,1.6871817756739582,26
LDHB,0.5899999999999997,3,"{'0': 1562, '1': 66, '-1': 45}","{'0': 23, '-1': 4, '1': 3}","(0, 1)","{0: 23, 1: 3}",7.464569746961595,1.6871817756739582,26
LDHB,0.5999999999999998,3,"{'0': 1563, '1': 66, '-1': 44}","{'0': 23, '-1': 4, '1': 3}","(0, 1)","{0: 23, 1: 3}",7.463571103984855,1.6871817756739582,26
LGALS3BP,0.2999999999999999,3,"{'0': 1200, '-1': 314, '1': 159}","{'0': 20, '-1': 7, '1': 3}","(0, 1)","{0: 20, 1: 3}",6.818334647920584,2.0305490633596075,23
LGALS3BP,0.3099999999999999,3,"{'0': 1218, '-1': 289, '1': 166}","{'0': 20, '-1': 7, '1': 3}","(0, 1)","{0: 20, 1: 3}",6.73591743231639,1.796548167101021,23
LGALS3BP,0.3199999999999999,3,"{'0': 1224, '-1': 276, '1': 173}","{'0': 21, '-1': 6, '1': 3}","(0, 1)","{0: 21, 1: 3}",6.720043058671199,1.796548167101021,24
LGALS3BP,0.3299999999999999,3,"{'0': 1232, '-1': 257, '1': 184}","{'0': 21, '1': 5, '-1': 4}","(0, 1)","{0: 21, 1: 5}",6.651584053261019,1.2508193555237987,26
DKK1,0.1599999999999999,4,"{'-1': 1018, '0': 440, '1': 180, '2': 35}","{'-1': 21, '0': 5, '1': 3, '2': 1}","(0, 1)","{0: 5, 1: 3}",6.629033189623173,4.055409052487233,8
CDH1,0.1799999999999999,3,"{'0': 754, '-1': 576, '1': 343}","{'-1': 12, '1': 9, '0': 9}","(0, 1)","{0: 9, 1: 9}",6.605240150678373,3.74451993030448,18
LGALS3BP,0.3399999999999998,3,"{'0': 1244, '-1': 241, '1': 188}","{'0': 22, '1': 5, '-1': 3}","(0, 1)","{0: 22, 1: 5}",6.6016009006906,1.1098584328703338,27
CDH1,0.1699999999999999,3,"{'0': 732, '-1': 639, '1': 302}","{'-1': 15, '0': 9, '1': 6}","(0, 1)","{0: 9, 1: 6}",6.590819203277042,3.8492173089711734,15
CDH1,0.1899999999999999,3,"{'0': 765, '-1': 532, '1': 376}","{'-1': 11, '1': 10, '0': 9}","(0, 1)","{0: 9, 1: 10}",6.495392166928416,3.2685311034141016,19
CDH1,0.1999999999999999,3,"{'0': 771, '-1': 510, '1': 392}","{'-1': 11, '1': 10, '0': 9}","(0, 1)","{0: 9, 1: 10}",6.480368775138996,3.186396513940906,19
CDH1,0.2099999999999999,3,"{'0': 780, '-1': 473, '1': 420}","{'1': 12, '-1': 9, '0': 9}","(0, 1)","{0: 9, 1: 12}",6.457631132636534,3.001445827788511,21
DKK1,0.1999999999999999,6,"{'-1': 596, '1': 519, '0': 473, '2': 37, '4': 27, '3': 21}","{'-1': 12, '0': 10, '1': 6, '4': 2}","(0, 1)","{0: 10, 1: 6}",6.372903459911122,2.657626634602119,16
DKK1,0.1899999999999999,5,"{'-1': 705, '0': 499, '1': 410, '3': 30, '2': 29}","{'-1': 15, '1': 9, '0': 6}","(0, 1)","{0: 6, 1: 9}",6.371574261457563,2.851858606256884,15
CDH1,0.2199999999999999,3,"{'0': 793, '1': 452, '-1': 428}","{'1': 12, '-1': 9, '0': 9}","(0, 1)","{0: 9, 1: 12}",6.3471924274792215,2.216695691166924,21
DKK1,0.1799999999999999,3,"{'-1': 837, '0': 487, '1': 349}","{'-1': 18, '1': 7, '0': 5}","(0, 1)","{0: 5, 1: 7}",6.345414825517502,3.048564966556254,12
DKK1,0.1699999999999999,4,"{'-1': 885, '0': 472, '1': 301, '2': 15}","{'-1': 18, '1': 7, '0': 5}","(0, 1)","{0: 5, 1: 7}",6.264274435156376,3.2855338576269633,12
CDH1,0.2299999999999999,3,"{'0': 809, '1': 474, '-1': 390}","{'1': 12, '-1': 9, '0': 9}","(0, 1)","{0: 9, 1: 12}",6.256932519029342,1.7346943994350874,21
LAMC2,0.1899999999999999,5,"{'0': 716, '-1': 697, '1': 188, '3': 37, '2': 35}","{'-1': 19, '0': 6, '1': 3, '3': 2}","(0, 1)","{0: 6, 1: 3}",6.2471633369748325,3.200049766693556,9
PRSS22,0.2299999999999999,5,"{'0': 1012, '-1': 403, '1': 162, '2': 74, '3': 22}","{'-1': 13, '0': 10, '1': 4, '3': 3}","(0, 3)","{0: 10, 3: 3}",6.062719404973153,4.361843348301645,13
SCNN1A,0.1899999999999999,3,"{'0': 835, '-1': 583, '1': 255}","{'-1': 15, '0': 9, '1': 6}","(0, 1)","{0: 9, 1: 6}",5.839208086678202,2.2835010662523274,15
SCNN1A,0.1999999999999999,3,"{'0': 847, '-1': 552, '1': 274}","{'-1': 11, '1': 10, '0': 9}","(0, 1)","{0: 9, 1: 10}",5.784995822706426,2.13164717339078,19
SCNN1A,0.1799999999999999,4,"{'0': 814, '-1': 624, '1': 205, '2': 30}","{'-1': 16, '0': 9, '1': 4, '2': 1}","(0, 1)","{0: 9, 1: 4}",5.770735046951875,2.6443510260138026,13
SCNN1A,0.2099999999999999,3,"{'0': 872, '-1': 512, '1': 289}","{'-1': 11, '1': 10, '0': 9}","(0, 1)","{0: 9, 1: 10}",5.682996401808314,1.708593849889534,19
LAMC2,0.1999999999999999,4,"{'0': 736, '-1': 585, '1': 341, '2': 11}","{'-1': 17, '1': 7, '0': 6}","(0, 1)","{0: 6, 1: 7}",5.668048539395654,1.436487859150218,13
CDH3,0.2099999999999999,3,"{'0': 823, '-1': 620, '1': 230}","{'-1': 18, '0': 7, '1': 5}","(0, 1)","{0: 7, 1: 5}",5.640132955531128,2.404927471634003,12
LAMC2,0.2099999999999999,3,"{'0': 761, '-1': 544, '1': 368}","{'-1': 15, '1': 8, '0': 7}","(0, 1)","{0: 7, 1: 8}",5.63371361999949,1.2364100237013051,15
CDH3,0.2299999999999999,3,"{'0': 842, '-1': 508, '1': 323}","{'-1': 14, '1': 8, '0': 8}","(0, 1)","{0: 8, 1: 8}",5.599097898321555,1.9412243276376413,16
CDH3,0.2399999999999999,3,"{'0': 853, '-1': 478, '1': 342}","{'-1': 12, '1': 10, '0': 8}","(0, 1)","{0: 8, 1: 10}",5.58019421049279,1.7579615266581758,18
LAMC2,0.2199999999999999,3,"{'0': 772, '-1': 480, '1': 421}","{'-1': 15, '1': 8, '0': 7}","(0, 1)","{0: 7, 1: 8}",5.51998000492392,1.1026460485412977,15
CDH3,0.2199999999999999,3,"{'0': 828, '-1': 568, '1': 277}","{'-1': 17, '0': 8, '1': 5}","(0, 1)","{0: 8, 1: 5}",5.5195708037864435,2.3616742736801184,13
SCNN1A,0.2199999999999999,3,"{'0': 881, '-1': 461, '1': 331}","{'-1': 11, '1': 10, '0': 9}","(0, 1)","{0: 9, 1: 10}",5.514082746448263,1.1925264303794454,19
EHD2,0.1399999999999999,4,"{'-1': 1219, '0': 249, '1': 179, '2': 26}","{'-1': 23, '0': 4, '1': 3}","(0, 1)","{0: 4, 1: 3}",5.212671007059337,3.679717300345739,7
EHD2,0.1599999999999999,3,"{'-1': 997, '1': 386, '0': 290}","{'-1': 17, '1': 9, '0': 4}","(0, 1)","{0: 4, 1: 9}",5.205946096712577,3.0117329614660164,13
EHD2,0.1499999999999999,4,"{'-1': 1093, '1': 280, '0': 262, '2': 38}","{'-1': 18, '1': 8, '0': 4}","(0, 1)","{0: 4, 1: 8}",5.195152845835769,3.4205989729435435,12
PRSS22,0.2199999999999999,5,"{'0': 976, '-1': 498, '1': 142, '2': 38, '3': 19}","{'-1': 16, '0': 10, '1': 4}","(0, 1)","{0: 10, 1: 4}",5.146188206614585,3.022856613656843,14
PRSS22,0.2299999999999999,5,"{'0': 1012, '-1': 403, '1': 162, '2': 74, '3': 22}","{'-1': 13, '0': 10, '1': 4, '3': 3}","(0, 1)","{0: 10, 1: 4}",5.134293669138618,2.6713452378251477,14
PRSS22,0.2099999999999999,3,"{'0': 972, '-1': 581, '1': 120}","{'-1': 16, '0': 10, '1': 4}","(0, 1)","{0: 10, 1: 4}",5.0683386695352866,3.1787219496794714,14
CDH3,0.1999999999999999,4,"{'0': 813, '-1': 674, '1': 137, '2': 49}","{'-1': 18, '0': 7, '1': 5}","(0, 1)","{0: 7, 1: 5}",5.05178378356725,2.492138467716401,12
CDH3,0.1899999999999999,4,"{'0': 802, '-1': 721, '1': 120, '2': 30}","{'-1': 20, '0': 7, '1': 3}","(0, 1)","{0: 7, 1: 3}",5.044000053818988,2.61031807499805,10
EHD2,0.1799999999999999,3,"{'-1': 792, '1': 536, '0': 345}","{'-1': 14, '1': 11, '0': 5}","(0, 1)","{0: 5, 1: 11}",4.987307387270371,1.9660906652332784,16
EHD2,0.1699999999999999,3,"{'-1': 858, '1': 495, '0': 320}","{'-1': 16, '1': 9, '0': 5}","(0, 1)","{0: 5, 1: 9}",4.963793834873333,2.065170438941281,14
EHD2,0.1999999999999999,4,"{'-1': 639, '1': 607, '0': 371, '2': 56}","{'1': 12, '-1': 11, '0': 6, '2': 1}","(0, 1)","{0: 6, 1: 12}",4.92463791038587,1.5642310591370694,18
EHD2,0.1899999999999999,3,"{'-1': 722, '1': 585, '0': 366}","{'1': 12, '-1': 12, '0': 6}","(0, 1)","{0: 6, 1: 12}",4.908695646645422,1.5642310591370694,18
PRSS22,0.2499999999999999,3,"{'0': 1031, '1': 336, '-1': 306}","{'0': 12, '1': 10, '-1': 8}","(0, 1)","{0: 12, 1: 10}",4.804613543357273,1.3168212044542735,22
PRSS22,0.2599999999999999,3,"{'0': 1036, '1': 350, '-1': 287}","{'1': 12, '0': 12, '-1': 6}","(0, 1)","{0: 12, 1: 12}",4.792792337207815,1.181771244290421,24
PRSS22,0.2399999999999999,3,"{'0': 1021, '-1': 339, '1': 313}","{'0': 12, '1': 10, '-1': 8}","(0, 1)","{0: 12, 1: 10}",4.766034083043915,1.3846638502353246,22
NLRP2,0.2099999999999999,3,"{'0': 992, '-1': 552, '1': 129}","{'0': 16, '-1': 11, '1': 3}","(0, 1)","{0: 16, 1: 3}",4.66252138966415,2.732535441746437,19
BCAT1,0.1799999999999999,7,"{'-1': 775, '1': 398, '0': 373, '3': 61, '2': 32, '4': 24, '5': 10}","{'-1': 17, '0': 7, '3': 3, '1': 2, '2': 1}","(0, 3)","{0: 7, 3: 3}",4.662089408240678,3.1276761539154156,10
NLRP2,0.2199999999999999,3,"{'0': 992, '-1': 498, '1': 183}","{'0': 16, '-1': 11, '1': 3}","(0, 1)","{0: 16, 1: 3}",4.580824724131837,2.465604905938016,19
BCAT1,0.1899999999999999,3,"{'-1': 654, '1': 630, '0': 389}","{'-1': 14, '0': 9, '1': 7}","(0, 1)","{0: 9, 1: 7}",4.5375412899421494,1.4630846736859526,16
NLRP2,0.2299999999999999,3,"{'0': 995, '-1': 461, '1': 217}","{'0': 17, '-1': 9, '1': 4}","(0, 1)","{0: 17, 1: 4}",4.5141753555117905,2.4121656469765553,21
BCAT1,0.2099999999999999,3,"{'1': 697, '-1': 569, '0': 407}","{'-1': 12, '0': 9, '1': 9}","(0, 1)","{0: 9, 1: 9}",4.488526158175847,1.0555415634840852,18
NLRP2,0.2599999999999999,3,"{'0': 1013, '-1': 372, '1': 288}","{'0': 17, '1': 7, '-1': 6}","(0, 1)","{0: 17, 1: 7}",4.486781781916318,1.8267315554833177,24
BCAT1,0.1999999999999999,3,"{'1': 670, '-1': 603, '0': 400}","{'-1': 12, '0': 9, '1': 9}","(0, 1)","{0: 9, 1: 9}",4.48607528731376,1.278754863955561,18
NLRP2,0.2499999999999999,3,"{'0': 1009, '-1': 396, '1': 268}","{'0': 17, '-1': 7, '1': 6}","(0, 1)","{0: 17, 1: 6}",4.470455985184674,1.9060540081447233,23
NLRP2,0.2699999999999999,3,"{'0': 1018, '-1': 349, '1': 306}","{'0': 17, '1': 7, '-1': 6}","(0, 1)","{0: 17, 1: 7}",4.457343596364031,1.600644122953426,24
NLRP2,0.2399999999999999,3,"{'0': 1005, '-1': 429, '1': 239}","{'0': 17, '-1': 9, '1': 4}","(0, 1)","{0: 17, 1: 4}",4.451968294029925,1.9060540081447233,21
NLRP2,0.2899999999999999,3,"{'0': 1030, '1': 328, '-1': 315}","{'0': 17, '1': 9, '-1': 4}","(0, 1)","{0: 17, 1: 9}",4.44095277914363,1.172923745072148,26
NLRP2,0.2999999999999999,3,"{'0': 1034, '1': 336, '-1': 303}","{'0': 17, '1': 9, '-1': 4}","(0, 1)","{0: 17, 1: 9}",4.4369273023030855,1.0193005559589363,26
NLRP2,0.2799999999999999,3,"{'0': 1024, '-1': 327, '1': 322}","{'0': 17, '1': 8, '-1': 5}","(0, 1)","{0: 17, 1: 8}",4.416604353938018,1.172923745072148,25
NLRP2,0.3199999999999999,3,"{'0': 1046, '1': 348, '-1': 279}","{'0': 17, '1': 9, '-1': 4}","(0, 1)","{0: 17, 1: 9}",4.41515917986596,1.00242673739454,26
NLRP2,0.3099999999999999,3,"{'0': 1039, '1': 344, '-1': 290}","{'0': 17, '1': 9, '-1': 4}","(0, 1)","{0: 17, 1: 9}",4.411746784697879,1.00242673739454,26
