gene,eps,pan_cancer_cluster_number,pan_cancer_distribution,TNBC_distribution,cluster_combination,TNBC_distribution_in_this_cluster,centroid_distance,cluster_separation,tnbc_cluster_proportion
FXYD3,0.1999999999999999,5,"{'0': 900, '-1': 537, '1': 185, '3': 30, '2': 21}","{'0': 13, '-1': 11, '1': 5, '3': 1}","(0, 1)","{0: 13, 1: 5}",8.27318011750499,4.357161844505127,0.43333333333333335
FXYD3,0.2099999999999999,3,"{'0': 905, '-1': 491, '1': 277}","{'0': 13, '1': 9, '-1': 8}","(0, 1)","{0: 13, 1: 9}",8.007054025142173,3.18559551486889,0.43333333333333335
FXYD3,0.2199999999999999,3,"{'1': 911, '-1': 452, '0': 310}","{'1': 13, '0': 9, '-1': 8}","(0, 1)","{0: 9, 1: 13}",7.947939848886276,2.9500517258811367,0.43333333333333335
VIM,0.2099999999999999,3,"{'0': 825, '-1': 590, '1': 258}","{'-1': 15, '0': 10, '1': 5}","(0, 1)","{0: 10, 1: 5}",7.942913529787962,1.6434995771732783,0.3333333333333333
GSTP1,0.5599999999999998,3,"{'0': 1513, '1': 96, '-1': 64}","{'0': 25, '1': 4, '-1': 1}","(0, 1)","{0: 25, 1: 4}",7.829524978099092,1.4970928883736143,0.8333333333333334
FXYD3,0.2299999999999999,4,"{'1': 914, '-1': 375, '0': 355, '2': 29}","{'1': 13, '0': 11, '-1': 6}","(0, 1)","{0: 11, 1: 13}",7.825890151429707,2.9150714303330547,0.43333333333333335
GSTP1,0.5699999999999997,3,"{'0': 1515, '1': 97, '-1': 61}","{'0': 25, '1': 4, '-1': 1}","(0, 1)","{0: 25, 1: 4}",7.816429406587448,1.4970928883736143,0.8333333333333334
VIM,0.2199999999999999,3,"{'0': 877, '-1': 509, '1': 287}","{'0': 12, '-1': 12, '1': 6}","(0, 1)","{0: 12, 1: 6}",7.796479889876743,1.1382718001722203,0.4
GSTP1,0.5799999999999997,3,"{'0': 1516, '1': 105, '-1': 52}","{'0': 25, '1': 5}","(0, 1)","{0: 25, 1: 5}",7.791676296018954,1.4970928883736143,0.8333333333333334
GSTP1,0.5899999999999997,3,"{'0': 1518, '1': 106, '-1': 49}","{'0': 25, '1': 5}","(0, 1)","{0: 25, 1: 5}",7.791386784481777,1.4970928883736143,0.8333333333333334
GSTP1,0.6199999999999998,3,"{'0': 1521, '1': 106, '-1': 46}","{'0': 25, '1': 5}","(0, 1)","{0: 25, 1: 5}",7.7895773393453425,1.4970928883736143,0.8333333333333334
GSTP1,0.5999999999999998,3,"{'0': 1520, '1': 106, '-1': 47}","{'0': 25, '1': 5}","(0, 1)","{0: 25, 1: 5}",7.789528380279531,1.4970928883736143,0.8333333333333334
GSTP1,0.6099999999999998,3,"{'0': 1520, '1': 106, '-1': 47}","{'0': 25, '1': 5}","(0, 1)","{0: 25, 1: 5}",7.789528380279531,1.4970928883736143,0.8333333333333334
GSTP1,0.5499999999999998,3,"{'0': 1512, '1': 89, '-1': 72}","{'0': 25, '1': 4, '-1': 1}","(0, 1)","{0: 25, 1: 4}",7.783094504226254,1.8441290891152369,0.8333333333333334
GSTP1,0.4199999999999998,3,"{'0': 1421, '-1': 193, '1': 59}","{'0': 25, '1': 4, '-1': 1}","(0, 1)","{0: 25, 1: 4}",7.777155284669851,3.4942192150120106,0.8333333333333334
GSTP1,0.5399999999999998,3,"{'0': 1511, '1': 85, '-1': 77}","{'0': 25, '1': 4, '-1': 1}","(0, 1)","{0: 25, 1: 4}",7.77478674833826,1.8441290891152369,0.8333333333333334
GSTP1,0.4099999999999998,3,"{'0': 1417, '-1': 198, '1': 58}","{'0': 25, '1': 4, '-1': 1}","(0, 1)","{0: 25, 1: 4}",7.757965993196466,3.4942192150120106,0.8333333333333334
GSTP1,0.5099999999999998,4,"{'0': 1469, '-1': 85, '1': 79, '2': 40}","{'0': 25, '1': 4, '-1': 1}","(0, 1)","{0: 25, 1: 4}",7.716471421840344,1.8441290891152369,0.8333333333333334
GSTP1,0.5299999999999998,4,"{'0': 1476, '1': 82, '-1': 80, '2': 35}","{'0': 25, '1': 4, '-1': 1}","(0, 1)","{0: 25, 1: 4}",7.714862655153224,1.8441290891152369,0.8333333333333334
GSTP1,0.4299999999999998,3,"{'0': 1429, '-1': 180, '1': 64}","{'0': 25, '1': 4, '-1': 1}","(0, 1)","{0: 25, 1: 4}",7.706398018844626,3.1772178012045753,0.8333333333333334
GSTP1,0.4399999999999998,3,"{'0': 1436, '-1': 172, '1': 65}","{'0': 25, '1': 4, '-1': 1}","(0, 1)","{0: 25, 1: 4}",7.699438843249257,3.1772178012045753,0.8333333333333334
GSTP1,0.4999999999999998,4,"{'0': 1467, '-1': 91, '1': 77, '2': 38}","{'0': 25, '1': 4, '-1': 1}","(0, 1)","{0: 25, 1: 4}",7.697683287404389,1.8441290891152369,0.8333333333333334
GSTP1,0.3899999999999998,3,"{'0': 1412, '-1': 208, '1': 53}","{'0': 25, '1': 3, '-1': 2}","(0, 1)","{0: 25, 1: 3}",7.695317097235209,3.4942192150120106,0.8333333333333334
GSTP1,0.3999999999999998,3,"{'0': 1414, '-1': 206, '1': 53}","{'0': 25, '1': 3, '-1': 2}","(0, 1)","{0: 25, 1: 3}",7.694882638297274,3.4942192150120106,0.8333333333333334
GSTP1,0.4499999999999998,3,"{'0': 1441, '-1': 167, '1': 65}","{'0': 25, '1': 4, '-1': 1}","(0, 1)","{0: 25, 1: 4}",7.6946147398039315,3.1246224001085396,0.8333333333333334
GSTP1,0.5199999999999998,4,"{'0': 1474, '1': 81, '-1': 81, '2': 37}","{'0': 25, '1': 4, '-1': 1}","(0, 1)","{0: 25, 1: 4}",7.693582386751197,1.8441290891152369,0.8333333333333334
GSTP1,0.4599999999999998,3,"{'0': 1443, '-1': 164, '1': 66}","{'0': 25, '1': 4, '-1': 1}","(0, 1)","{0: 25, 1: 4}",7.66722258740794,2.792530975775103,0.8333333333333334
GSTP1,0.4699999999999998,3,"{'0': 1451, '-1': 152, '1': 70}","{'0': 25, '1': 4, '-1': 1}","(0, 1)","{0: 25, 1: 4}",7.6590785973657,2.609151966288227,0.8333333333333334
GSTP1,0.4799999999999998,3,"{'0': 1461, '-1': 140, '1': 72}","{'0': 25, '1': 4, '-1': 1}","(0, 1)","{0: 25, 1: 4}",7.632382812084322,1.893381230119164,0.8333333333333334
LDHB,0.6299999999999998,3,"{'0': 1563, '1': 74, '-1': 36}","{'0': 23, '-1': 4, '1': 3}","(0, 1)","{0: 23, 1: 3}",7.61780883985905,1.3762128927764632,0.7666666666666667
GSTP1,0.4899999999999998,4,"{'0': 1463, '-1': 99, '1': 73, '2': 38}","{'0': 25, '1': 4, '-1': 1}","(0, 1)","{0: 25, 1: 4}",7.611861673140359,1.8441290891152369,0.8333333333333334
LDHB,0.6099999999999998,3,"{'0': 1563, '1': 68, '-1': 42}","{'0': 23, '-1': 4, '1': 3}","(0, 1)","{0: 23, 1: 3}",7.522549278796918,1.6871817756739582,0.7666666666666667
LDHB,0.6199999999999998,3,"{'0': 1563, '1': 68, '-1': 42}","{'0': 23, '-1': 4, '1': 3}","(0, 1)","{0: 23, 1: 3}",7.522549278796918,1.6871817756739582,0.7666666666666667
AGR2,0.2599999999999999,3,"{'0': 1124, '-1': 339, '1': 210}","{'0': 20, '-1': 7, '1': 3}","(0, 1)","{0: 20, 1: 3}",7.486952590307342,1.2599406148573813,0.6666666666666666
MGST1,0.2099999999999999,3,"{'0': 855, '-1': 527, '1': 291}","{'0': 18, '-1': 9, '1': 3}","(0, 1)","{0: 18, 1: 3}",7.466558425629285,3.450945152749469,0.6
LDHB,0.5699999999999997,3,"{'0': 1561, '1': 66, '-1': 46}","{'0': 23, '-1': 4, '1': 3}","(0, 1)","{0: 23, 1: 3}",7.465965241116177,1.6871817756739582,0.7666666666666667
LDHB,0.5799999999999997,3,"{'0': 1561, '1': 66, '-1': 46}","{'0': 23, '-1': 4, '1': 3}","(0, 1)","{0: 23, 1: 3}",7.465965241116177,1.6871817756739582,0.7666666666666667
LDHB,0.5899999999999997,3,"{'0': 1562, '1': 66, '-1': 45}","{'0': 23, '-1': 4, '1': 3}","(0, 1)","{0: 23, 1: 3}",7.464569746961595,1.6871817756739582,0.7666666666666667
LDHB,0.5999999999999998,3,"{'0': 1563, '1': 66, '-1': 44}","{'0': 23, '-1': 4, '1': 3}","(0, 1)","{0: 23, 1: 3}",7.463571103984855,1.6871817756739582,0.7666666666666667
AGR2,0.2499999999999999,3,"{'0': 1119, '-1': 371, '1': 183}","{'0': 19, '-1': 8, '1': 3}","(0, 1)","{0: 19, 1: 3}",7.447665257779809,1.524069768466652,0.6333333333333333
MGST1,0.2199999999999999,4,"{'0': 874, '-1': 482, '1': 293, '2': 24}","{'0': 18, '-1': 8, '1': 3, '2': 1}","(0, 1)","{0: 18, 1: 3}",7.442467927444456,3.378586202335186,0.6
MGST1,0.2299999999999999,3,"{'0': 928, '-1': 447, '1': 298}","{'0': 20, '-1': 7, '1': 3}","(0, 1)","{0: 20, 1: 3}",7.374021802917473,2.9751759158542663,0.6666666666666666
MGST1,0.2399999999999999,3,"{'0': 961, '-1': 399, '1': 313}","{'0': 23, '-1': 4, '1': 3}","(0, 1)","{0: 23, 1: 3}",7.29369844736504,2.439596859198251,0.7666666666666667
FN1,0.1799999999999999,7,"{'-1': 936, '1': 347, '2': 218, '0': 77, '4': 47, '3': 30, '5': 18}","{'-1': 19, '1': 4, '2': 4, '0': 2, '5': 1}","(1, 2)","{1: 4, 2: 4}",7.291235851867808,2.597273671109738,0.13333333333333333
MGST1,0.2499999999999999,3,"{'0': 983, '-1': 365, '1': 325}","{'0': 24, '1': 4, '-1': 2}","(0, 1)","{0: 24, 1: 4}",7.250999170247093,2.439596859198251,0.8
MGST1,0.2599999999999999,3,"{'0': 996, '-1': 346, '1': 331}","{'0': 24, '1': 4, '-1': 2}","(0, 1)","{0: 24, 1: 4}",7.242119769532875,2.439596859198251,0.8
MGST1,0.2699999999999999,3,"{'0': 1012, '1': 333, '-1': 328}","{'0': 24, '1': 4, '-1': 2}","(0, 1)","{0: 24, 1: 4}",7.192697602204567,1.8695852437839569,0.8
MGST1,0.2799999999999999,3,"{'0': 1022, '1': 343, '-1': 308}","{'0': 24, '1': 4, '-1': 2}","(0, 1)","{0: 24, 1: 4}",7.183040635079985,1.8695852437839569,0.8
MGST1,0.2899999999999999,3,"{'0': 1039, '1': 348, '-1': 286}","{'0': 24, '1': 4, '-1': 2}","(0, 1)","{0: 24, 1: 4}",7.162442426140576,1.4410478265186293,0.8
EFEMP1,0.1799999999999999,3,"{'-1': 807, '0': 625, '1': 241}","{'-1': 15, '1': 8, '0': 7}","(0, 1)","{0: 7, 1: 8}",7.047509280936387,3.463274537777604,0.26666666666666666
EFEMP1,0.1899999999999999,4,"{'-1': 718, '0': 638, '1': 291, '2': 26}","{'-1': 14, '1': 9, '0': 7}","(0, 1)","{0: 7, 1: 9}",6.9895809274636,3.212859967072199,0.3
AGR2,0.2399999999999999,6,"{'0': 1087, '-1': 406, '1': 89, '3': 42, '2': 26, '4': 23}","{'0': 19, '-1': 8, '3': 3}","(0, 3)","{0: 19, 3: 3}",6.9840872821325375,2.273219889680128,0.6333333333333333
EFEMP1,0.1699999999999999,3,"{'-1': 883, '0': 605, '1': 185}","{'-1': 18, '1': 6, '0': 6}","(0, 1)","{0: 6, 1: 6}",6.975244291608194,3.8240710673094696,0.2
CYBA,0.2399999999999999,3,"{'0': 1056, '-1': 441, '1': 176}","{'0': 19, '-1': 7, '1': 4}","(0, 1)","{0: 19, 1: 4}",6.9603984132846115,2.837334079550474,0.6333333333333333
CYBA,0.2499999999999999,4,"{'0': 1081, '-1': 384, '1': 188, '2': 20}","{'0': 19, '-1': 6, '1': 4, '2': 1}","(0, 1)","{0: 19, 1: 4}",6.906366017383745,2.292086083358437,0.6333333333333333
EFEMP1,0.1999999999999999,3,"{'-1': 673, '0': 650, '1': 350}","{'-1': 14, '1': 9, '0': 7}","(0, 1)","{0: 7, 1: 9}",6.827371107680141,2.283981344278706,0.3
LGALS3BP,0.2999999999999999,3,"{'0': 1200, '-1': 314, '1': 159}","{'0': 20, '-1': 7, '1': 3}","(0, 1)","{0: 20, 1: 3}",6.818334647920584,2.0305490633596075,0.6666666666666666
CYBA,0.2599999999999999,3,"{'0': 1132, '-1': 340, '1': 201}","{'0': 20, '-1': 5, '1': 5}","(0, 1)","{0: 20, 1: 5}",6.806723371134011,1.6840569156538918,0.6666666666666666
CYBA,0.2699999999999999,3,"{'0': 1144, '-1': 326, '1': 203}","{'0': 20, '-1': 5, '1': 5}","(0, 1)","{0: 20, 1: 5}",6.792316004594059,1.564174028050012,0.6666666666666666
CYBA,0.2799999999999999,3,"{'0': 1169, '-1': 294, '1': 210}","{'0': 20, '-1': 5, '1': 5}","(0, 1)","{0: 20, 1: 5}",6.757294981157531,1.2259262750100093,0.6666666666666666
EFEMP1,0.1599999999999999,3,"{'-1': 985, '0': 577, '1': 111}","{'-1': 21, '0': 6, '1': 3}","(0, 1)","{0: 6, 1: 3}",6.751415156212524,4.4863690466709505,0.2
LGALS3BP,0.3099999999999999,3,"{'0': 1218, '-1': 289, '1': 166}","{'0': 20, '-1': 7, '1': 3}","(0, 1)","{0: 20, 1: 3}",6.73591743231639,1.796548167101021,0.6666666666666666
CYBA,0.2899999999999999,3,"{'0': 1184, '-1': 266, '1': 223}","{'0': 20, '-1': 5, '1': 5}","(0, 1)","{0: 20, 1: 5}",6.722685905890222,1.148981741469814,0.6666666666666666
LGALS3BP,0.3199999999999999,3,"{'0': 1224, '-1': 276, '1': 173}","{'0': 21, '-1': 6, '1': 3}","(0, 1)","{0: 21, 1: 3}",6.720043058671199,1.796548167101021,0.7
LGALS3BP,0.3299999999999999,3,"{'0': 1232, '-1': 257, '1': 184}","{'0': 21, '1': 5, '-1': 4}","(0, 1)","{0: 21, 1: 5}",6.651584053261019,1.2508193555237987,0.7
DKK1,0.1599999999999999,4,"{'-1': 1018, '0': 440, '1': 180, '2': 35}","{'-1': 21, '0': 5, '1': 3, '2': 1}","(0, 1)","{0: 5, 1: 3}",6.629033189623173,4.055409052487233,0.16666666666666666
CDH1,0.1799999999999999,3,"{'0': 754, '-1': 576, '1': 343}","{'-1': 12, '1': 9, '0': 9}","(0, 1)","{0: 9, 1: 9}",6.605240150678373,3.74451993030448,0.3
LGALS3BP,0.3399999999999998,3,"{'0': 1244, '-1': 241, '1': 188}","{'0': 22, '1': 5, '-1': 3}","(0, 1)","{0: 22, 1: 5}",6.6016009006906,1.1098584328703338,0.7333333333333333
EFEMP1,0.2099999999999999,4,"{'0': 665, '-1': 581, '1': 394, '2': 33}","{'1': 12, '-1': 10, '0': 8}","(0, 1)","{0: 8, 1: 12}",6.597208267659583,1.4462104307739616,0.4
CDH1,0.1699999999999999,3,"{'0': 732, '-1': 639, '1': 302}","{'-1': 15, '0': 9, '1': 6}","(0, 1)","{0: 9, 1: 6}",6.590819203277042,3.8492173089711734,0.3
CDH1,0.1899999999999999,3,"{'0': 765, '-1': 532, '1': 376}","{'-1': 11, '1': 10, '0': 9}","(0, 1)","{0: 9, 1: 10}",6.495392166928416,3.2685311034141016,0.3333333333333333
CDH1,0.1999999999999999,3,"{'0': 771, '-1': 510, '1': 392}","{'-1': 11, '1': 10, '0': 9}","(0, 1)","{0: 9, 1: 10}",6.480368775138996,3.186396513940906,0.3333333333333333
AKR1B1,0.3699999999999999,3,"{'0': 1368, '-1': 186, '1': 119}","{'0': 22, '-1': 5, '1': 3}","(0, 1)","{0: 22, 1: 3}",6.4744470055096865,1.1365647275294717,0.7333333333333333
AKR1B1,0.3599999999999999,3,"{'0': 1350, '-1': 208, '1': 115}","{'0': 21, '-1': 6, '1': 3}","(0, 1)","{0: 21, 1: 3}",6.471895125504947,1.2731074864824947,0.7
AKR1B1,0.3399999999999998,3,"{'0': 1303, '-1': 258, '1': 112}","{'0': 20, '-1': 7, '1': 3}","(0, 1)","{0: 20, 1: 3}",6.470798073474524,1.6073303137496109,0.6666666666666666
AKR1B1,0.3499999999999998,3,"{'0': 1316, '-1': 245, '1': 112}","{'0': 20, '-1': 7, '1': 3}","(0, 1)","{0: 20, 1: 3}",6.463703761339669,1.3998119593256848,0.6666666666666666
CDH1,0.2099999999999999,3,"{'0': 780, '-1': 473, '1': 420}","{'1': 12, '-1': 9, '0': 9}","(0, 1)","{0: 9, 1: 12}",6.457631132636534,3.001445827788511,0.4
EEF1A2,0.1799999999999999,6,"{'-1': 945, '0': 398, '1': 193, '2': 54, '4': 50, '3': 33}","{'-1': 22, '1': 3, '0': 3, '4': 1, '2': 1}","(0, 1)","{0: 3, 1: 3}",6.425344046709179,2.944931347853634,0.1
DKK1,0.1999999999999999,6,"{'-1': 596, '1': 519, '0': 473, '2': 37, '4': 27, '3': 21}","{'-1': 12, '0': 10, '1': 6, '4': 2}","(0, 1)","{0: 10, 1: 6}",6.372903459911122,2.657626634602119,0.3333333333333333
DKK1,0.1899999999999999,5,"{'-1': 705, '0': 499, '1': 410, '3': 30, '2': 29}","{'-1': 15, '1': 9, '0': 6}","(0, 1)","{0: 6, 1: 9}",6.371574261457563,2.851858606256884,0.3
CDH1,0.2199999999999999,3,"{'0': 793, '1': 452, '-1': 428}","{'1': 12, '-1': 9, '0': 9}","(0, 1)","{0: 9, 1: 12}",6.3471924274792215,2.216695691166924,0.4
DKK1,0.1799999999999999,3,"{'-1': 837, '0': 487, '1': 349}","{'-1': 18, '1': 7, '0': 5}","(0, 1)","{0: 5, 1: 7}",6.345414825517502,3.048564966556254,0.23333333333333334
RAB34,0.1999999999999999,3,"{'0': 978, '-1': 385, '1': 310}","{'0': 19, '-1': 8, '1': 3}","(0, 1)","{0: 19, 1: 3}",6.281403825637631,3.3769694584453243,0.6333333333333333
DKK1,0.1699999999999999,4,"{'-1': 885, '0': 472, '1': 301, '2': 15}","{'-1': 18, '1': 7, '0': 5}","(0, 1)","{0: 5, 1: 7}",6.264274435156376,3.2855338576269633,0.23333333333333334
RAB34,0.2099999999999999,3,"{'0': 990, '-1': 367, '1': 316}","{'0': 19, '-1': 8, '1': 3}","(0, 1)","{0: 19, 1: 3}",6.261486790947754,3.3769694584453243,0.6333333333333333
CDH1,0.2299999999999999,3,"{'0': 809, '1': 474, '-1': 390}","{'1': 12, '-1': 9, '0': 9}","(0, 1)","{0: 9, 1: 12}",6.256932519029342,1.7346943994350874,0.4
IL32,0.1899999999999999,6,"{'-1': 869, '0': 394, '1': 262, '2': 85, '3': 39, '4': 24}","{'-1': 18, '0': 8, '1': 3, '3': 1}","(0, 1)","{0: 8, 1: 3}",6.253200092581307,2.809716512110044,0.26666666666666666
LAMC2,0.1899999999999999,5,"{'0': 716, '-1': 697, '1': 188, '3': 37, '2': 35}","{'-1': 19, '0': 6, '1': 3, '3': 2}","(0, 1)","{0: 6, 1: 3}",6.2471633369748325,3.200049766693556,0.2
RAB34,0.2199999999999999,3,"{'0': 1001, '-1': 352, '1': 320}","{'0': 21, '-1': 6, '1': 3}","(0, 1)","{0: 21, 1: 3}",6.246185886337124,3.137081744755295,0.7
QPRT,0.1699999999999999,6,"{'-1': 1131, '0': 306, '2': 88, '3': 63, '1': 49, '4': 36}","{'-1': 20, '0': 7, '2': 3}","(0, 2)","{0: 7, 2: 3}",6.241232343916029,4.7592568696185324,0.23333333333333334
RAB34,0.2399999999999999,3,"{'0': 1034, '1': 334, '-1': 305}","{'0': 21, '-1': 6, '1': 3}","(0, 1)","{0: 21, 1: 3}",6.218671775088721,2.747847711820693,0.7
RAB34,0.2299999999999999,3,"{'0': 1023, '-1': 327, '1': 323}","{'0': 21, '-1': 6, '1': 3}","(0, 1)","{0: 21, 1: 3}",6.21540772777809,2.918288053522419,0.7
RAB34,0.2499999999999999,3,"{'0': 1045, '1': 338, '-1': 290}","{'0': 21, '-1': 6, '1': 3}","(0, 1)","{0: 21, 1: 3}",6.20363515913451,2.576229046562458,0.7
RAB34,0.2599999999999999,3,"{'0': 1056, '1': 342, '-1': 275}","{'0': 21, '-1': 6, '1': 3}","(0, 1)","{0: 21, 1: 3}",6.196322820771213,2.5018266561644364,0.7
RAB34,0.2699999999999999,3,"{'0': 1064, '1': 343, '-1': 266}","{'0': 21, '-1': 6, '1': 3}","(0, 1)","{0: 21, 1: 3}",6.187767479106552,2.5018266561644364,0.7
RAB34,0.2799999999999999,3,"{'0': 1077, '1': 347, '-1': 249}","{'0': 21, '-1': 6, '1': 3}","(0, 1)","{0: 21, 1: 3}",6.166322067750976,2.097193117061653,0.7
RAB34,0.2899999999999999,3,"{'0': 1084, '1': 353, '-1': 236}","{'0': 21, '-1': 6, '1': 3}","(0, 1)","{0: 21, 1: 3}",6.1576223422549585,2.081321724418771,0.7
RAB34,0.2999999999999999,3,"{'0': 1092, '1': 353, '-1': 228}","{'0': 21, '-1': 6, '1': 3}","(0, 1)","{0: 21, 1: 3}",6.148298624225198,2.081321724418771,0.7
RAB34,0.3099999999999999,3,"{'0': 1104, '1': 354, '-1': 215}","{'0': 23, '-1': 4, '1': 3}","(0, 1)","{0: 23, 1: 3}",6.1260239505143055,1.7073147876279484,0.7666666666666667
RAB34,0.3199999999999999,3,"{'0': 1112, '1': 357, '-1': 204}","{'0': 23, '-1': 4, '1': 3}","(0, 1)","{0: 23, 1: 3}",6.119499591007738,1.354923665321453,0.7666666666666667
RAB34,0.3299999999999999,3,"{'0': 1113, '1': 358, '-1': 202}","{'0': 23, '-1': 4, '1': 3}","(0, 1)","{0: 23, 1: 3}",6.112071465284842,1.328255714859373,0.7666666666666667
RAB34,0.3399999999999998,3,"{'0': 1122, '1': 365, '-1': 186}","{'0': 23, '-1': 4, '1': 3}","(0, 1)","{0: 23, 1: 3}",6.095735306159713,1.328255714859373,0.7666666666666667
RAB34,0.3499999999999998,3,"{'0': 1130, '1': 367, '-1': 176}","{'0': 23, '1': 4, '-1': 3}","(0, 1)","{0: 23, 1: 4}",6.085009408222038,1.1787058869845215,0.7666666666666667
PRSS22,0.2299999999999999,5,"{'0': 1012, '-1': 403, '1': 162, '2': 74, '3': 22}","{'-1': 13, '0': 10, '1': 4, '3': 3}","(0, 3)","{0: 10, 3: 3}",6.062719404973153,4.361843348301645,0.3333333333333333
CAV2,0.2199999999999999,3,"{'0': 868, '-1': 521, '1': 284}","{'0': 19, '-1': 8, '1': 3}","(0, 1)","{0: 19, 1: 3}",6.031578297104241,1.6918777046376678,0.6333333333333333
MLPH,0.1499999999999999,3,"{'-1': 1055, '0': 511, '1': 107}","{'-1': 21, '1': 5, '0': 4}","(0, 1)","{0: 4, 1: 5}",5.997826180815668,4.333065878076355,0.16666666666666666
CAV2,0.2299999999999999,3,"{'0': 906, '-1': 459, '1': 308}","{'0': 20, '-1': 7, '1': 3}","(0, 1)","{0: 20, 1: 3}",5.970752075955115,1.4731238603645684,0.6666666666666666
TNC,0.1799999999999999,5,"{'-1': 881, '1': 618, '0': 128, '2': 25, '3': 21}","{'-1': 19, '1': 5, '0': 4, '3': 2}","(0, 1)","{0: 4, 1: 5}",5.9623336507564755,2.899786208908568,0.16666666666666666
CAV2,0.2399999999999999,3,"{'0': 941, '-1': 418, '1': 314}","{'0': 20, '-1': 7, '1': 3}","(0, 1)","{0: 20, 1: 3}",5.922447251386046,1.3598959450863828,0.6666666666666666
PRSS8,0.2099999999999999,3,"{'0': 960, '-1': 443, '1': 270}","{'-1': 11, '0': 10, '1': 9}","(0, 1)","{0: 10, 1: 9}",5.916542611799771,3.070389327891398,0.3333333333333333
MLPH,0.1599999999999999,3,"{'-1': 981, '0': 518, '1': 174}","{'-1': 18, '1': 8, '0': 4}","(0, 1)","{0: 4, 1: 8}",5.910880067260746,4.091202009756133,0.26666666666666666
PRSS8,0.2199999999999999,3,"{'0': 968, '-1': 413, '1': 292}","{'1': 11, '0': 10, '-1': 9}","(0, 1)","{0: 10, 1: 11}",5.905598658736917,2.8004222078957195,0.36666666666666664
PRSS8,0.1799999999999999,3,"{'0': 946, '-1': 557, '1': 170}","{'-1': 17, '0': 9, '1': 4}","(0, 1)","{0: 9, 1: 4}",5.904920621091318,3.783980413683795,0.3
GPRC5A,0.1599999999999999,3,"{'-1': 1033, '0': 349, '1': 291}","{'-1': 18, '1': 9, '0': 3}","(0, 1)","{0: 3, 1: 9}",5.895925187088225,3.5774649681437403,0.3
QPRT,0.1799999999999999,4,"{'-1': 1010, '0': 332, '1': 189, '2': 142}","{'-1': 20, '0': 7, '1': 3}","(0, 1)","{0: 7, 1: 3}",5.88962454998884,3.5794681230442422,0.23333333333333334
PRSS8,0.1899999999999999,3,"{'0': 956, '-1': 497, '1': 220}","{'-1': 12, '0': 10, '1': 8}","(0, 1)","{0: 10, 1: 8}",5.884650357238248,3.513393564958201,0.3333333333333333
MLPH,0.1699999999999999,4,"{'-1': 903, '0': 528, '1': 211, '2': 31}","{'-1': 17, '1': 8, '0': 4, '2': 1}","(0, 1)","{0: 4, 1: 8}",5.873617995178161,3.806892741998906,0.26666666666666666
PRSS8,0.1999999999999999,3,"{'0': 958, '-1': 468, '1': 247}","{'-1': 11, '0': 10, '1': 9}","(0, 1)","{0: 10, 1: 9}",5.873008897789308,3.218423519133502,0.3333333333333333
SCNN1A,0.1899999999999999,3,"{'0': 835, '-1': 583, '1': 255}","{'-1': 15, '0': 9, '1': 6}","(0, 1)","{0: 9, 1: 6}",5.839208086678202,2.2835010662523274,0.3
PRSS8,0.2299999999999999,3,"{'0': 973, '-1': 380, '1': 320}","{'1': 11, '0': 10, '-1': 9}","(0, 1)","{0: 10, 1: 11}",5.823107066257655,2.3496129718245222,0.36666666666666664
GPRC5A,0.1899999999999999,3,"{'-1': 698, '1': 596, '0': 379}","{'-1': 15, '1': 12, '0': 3}","(0, 1)","{0: 3, 1: 12}",5.811819953480225,2.0030404543200513,0.4
ESRP1,0.13,4,"{'-1': 826, '0': 660, '1': 148, '2': 39}","{'-1': 16, '0': 9, '1': 3, '2': 2}","(0, 1)","{0: 9, 1: 3}",5.811480701141345,4.379553656553555,0.3
GPRC5A,0.1699999999999999,3,"{'-1': 932, '1': 380, '0': 361}","{'-1': 17, '1': 10, '0': 3}","(0, 1)","{0: 3, 1: 10}",5.809670992644763,3.323997464174826,0.3333333333333333
PRSS8,0.2399999999999999,3,"{'0': 986, '-1': 347, '1': 340}","{'1': 13, '0': 10, '-1': 7}","(0, 1)","{0: 10, 1: 13}",5.8051573941986145,2.3496129718245222,0.43333333333333335
GPRC5A,0.1799999999999999,4,"{'-1': 793, '1': 474, '0': 370, '2': 36}","{'-1': 15, '1': 12, '0': 3}","(0, 1)","{0: 3, 1: 12}",5.795094350923359,2.393186778057184,0.4
PRSS8,0.2599999999999999,3,"{'0': 990, '1': 359, '-1': 324}","{'1': 14, '0': 10, '-1': 6}","(0, 1)","{0: 10, 1: 14}",5.788166032354752,2.14418358898575,0.4666666666666667
GPRC5A,0.1999999999999999,4,"{'1': 657, '-1': 594, '0': 383, '2': 39}","{'-1': 14, '1': 13, '0': 3}","(0, 1)","{0: 3, 1: 13}",5.7861333080802515,1.7977572782849591,0.43333333333333335
MLPH,0.1799999999999999,5,"{'-1': 772, '0': 534, '1': 303, '2': 41, '3': 23}","{'-1': 16, '1': 9, '0': 4, '2': 1}","(0, 1)","{0: 4, 1: 9}",5.785635755115176,3.3712558072509307,0.3
SCNN1A,0.1999999999999999,3,"{'0': 847, '-1': 552, '1': 274}","{'-1': 11, '1': 10, '0': 9}","(0, 1)","{0: 9, 1: 10}",5.784995822706426,2.13164717339078,0.3333333333333333
PRSS8,0.2499999999999999,3,"{'0': 989, '1': 351, '-1': 333}","{'1': 14, '0': 10, '-1': 6}","(0, 1)","{0: 10, 1: 14}",5.784342373533858,2.14418358898575,0.4666666666666667
TNC,0.1899999999999999,5,"{'-1': 718, '1': 635, '0': 248, '2': 42, '3': 30}","{'-1': 18, '0': 7, '1': 5}","(0, 1)","{0: 7, 1: 5}",5.778707134661126,1.297336106704971,0.23333333333333334
ESRP1,0.1399999999999999,5,"{'-1': 745, '0': 669, '1': 190, '2': 50, '3': 19}","{'-1': 13, '0': 10, '1': 4, '2': 2, '3': 1}","(0, 1)","{0: 10, 1: 4}",5.774515825748936,4.169466930303082,0.3333333333333333
SCNN1A,0.1799999999999999,4,"{'0': 814, '-1': 624, '1': 205, '2': 30}","{'-1': 16, '0': 9, '1': 4, '2': 1}","(0, 1)","{0: 9, 1: 4}",5.770735046951875,2.6443510260138026,0.3
PRSS8,0.2699999999999999,3,"{'0': 998, '1': 379, '-1': 296}","{'1': 14, '0': 10, '-1': 6}","(0, 1)","{0: 10, 1: 14}",5.742657398337582,2.0646011755299902,0.4666666666666667
ESRP1,0.1499999999999999,3,"{'0': 694, '-1': 667, '1': 312}","{'1': 10, '0': 10, '-1': 10}","(0, 1)","{0: 10, 1: 10}",5.736196309890477,4.018683676896692,0.3333333333333333
PRSS8,0.2799999999999999,3,"{'0': 1021, '1': 385, '-1': 267}","{'1': 14, '0': 11, '-1': 5}","(0, 1)","{0: 11, 1: 14}",5.724624779047063,1.688183221079926,0.4666666666666667
PRSS8,0.2899999999999999,3,"{'0': 1021, '1': 399, '-1': 253}","{'1': 14, '0': 11, '-1': 5}","(0, 1)","{0: 11, 1: 14}",5.7082619804039405,1.4817323436125,0.4666666666666667
PRSS8,0.2999999999999999,3,"{'0': 1021, '1': 405, '-1': 247}","{'1': 14, '0': 11, '-1': 5}","(0, 1)","{0: 11, 1: 14}",5.683725002197024,1.3226658576448809,0.4666666666666667
SCNN1A,0.2099999999999999,3,"{'0': 872, '-1': 512, '1': 289}","{'-1': 11, '1': 10, '0': 9}","(0, 1)","{0: 9, 1: 10}",5.682996401808314,1.708593849889534,0.3333333333333333
ESRP1,0.1599999999999999,3,"{'0': 714, '-1': 612, '1': 347}","{'1': 11, '0': 10, '-1': 9}","(0, 1)","{0: 10, 1: 11}",5.680398755430966,3.812007947186903,0.36666666666666664
LAMC2,0.1999999999999999,4,"{'0': 736, '-1': 585, '1': 341, '2': 11}","{'-1': 17, '1': 7, '0': 6}","(0, 1)","{0: 6, 1: 7}",5.668048539395654,1.436487859150218,0.23333333333333334
ESRP1,0.1699999999999999,3,"{'0': 732, '-1': 571, '1': 370}","{'1': 11, '0': 10, '-1': 9}","(0, 1)","{0: 10, 1: 11}",5.654432621860045,3.5696417014374,0.36666666666666664
PRSS8,0.3099999999999999,3,"{'0': 1026, '1': 418, '-1': 229}","{'1': 14, '0': 11, '-1': 5}","(0, 1)","{0: 11, 1: 14}",5.6455911612468945,1.3226658576448809,0.4666666666666667
ESRP1,0.1799999999999999,3,"{'0': 756, '-1': 520, '1': 397}","{'1': 11, '0': 10, '-1': 9}","(0, 1)","{0: 10, 1: 11}",5.641178520546382,3.363015286930562,0.36666666666666664
CDH3,0.2099999999999999,3,"{'0': 823, '-1': 620, '1': 230}","{'-1': 18, '0': 7, '1': 5}","(0, 1)","{0: 7, 1: 5}",5.640132955531128,2.404927471634003,0.23333333333333334
LAMC2,0.2099999999999999,3,"{'0': 761, '-1': 544, '1': 368}","{'-1': 15, '1': 8, '0': 7}","(0, 1)","{0: 7, 1: 8}",5.63371361999949,1.2364100237013051,0.26666666666666666
PRSS8,0.3199999999999999,3,"{'0': 1030, '1': 426, '-1': 217}","{'1': 14, '0': 11, '-1': 5}","(0, 1)","{0: 11, 1: 14}",5.62699437373522,1.1066516257590442,0.4666666666666667
PRSS8,0.3299999999999999,3,"{'0': 1035, '1': 431, '-1': 207}","{'1': 14, '0': 11, '-1': 5}","(0, 1)","{0: 11, 1: 14}",5.624628162014903,1.1066516257590442,0.4666666666666667
ESRP1,0.1999999999999999,3,"{'0': 774, '-1': 460, '1': 439}","{'1': 14, '0': 10, '-1': 6}","(0, 1)","{0: 10, 1: 14}",5.603549960574606,2.893644045243838,0.4666666666666667
CDH3,0.2299999999999999,3,"{'0': 842, '-1': 508, '1': 323}","{'-1': 14, '1': 8, '0': 8}","(0, 1)","{0: 8, 1: 8}",5.599097898321555,1.9412243276376413,0.26666666666666666
ESRP1,0.1899999999999999,3,"{'0': 763, '-1': 485, '1': 425}","{'1': 12, '0': 10, '-1': 8}","(0, 1)","{0: 10, 1: 12}",5.59639800847966,2.996091314214656,0.4
ESRP1,0.2099999999999999,3,"{'0': 778, '1': 457, '-1': 438}","{'1': 14, '0': 10, '-1': 6}","(0, 1)","{0: 10, 1: 14}",5.595303144033547,2.785584299386385,0.4666666666666667
CDH3,0.2399999999999999,3,"{'0': 853, '-1': 478, '1': 342}","{'-1': 12, '1': 10, '0': 8}","(0, 1)","{0: 8, 1: 10}",5.58019421049279,1.7579615266581758,0.3333333333333333
ESRP1,0.2199999999999999,3,"{'0': 793, '1': 472, '-1': 408}","{'1': 15, '0': 10, '-1': 5}","(0, 1)","{0: 10, 1: 15}",5.562396971941743,2.430559771392896,0.5
EEF1A2,0.1899999999999999,6,"{'-1': 804, '0': 423, '1': 353, '3': 40, '2': 28, '4': 25}","{'-1': 20, '1': 5, '0': 3, '4': 1, '3': 1}","(0, 1)","{0: 3, 1: 5}",5.55331903031248,1.1998818292584206,0.16666666666666666
ESRP1,0.2299999999999999,3,"{'0': 801, '1': 483, '-1': 389}","{'1': 15, '0': 10, '-1': 5}","(0, 1)","{0: 10, 1: 15}",5.549175898215667,2.2541834882515284,0.5
TFPI2,0.1899999999999999,4,"{'-1': 768, '0': 638, '1': 219, '2': 48}","{'-1': 16, '0': 6, '1': 6, '2': 2}","(0, 1)","{0: 6, 1: 6}",5.539504769903047,1.9444226521051196,0.2
LAMC2,0.2199999999999999,3,"{'0': 772, '-1': 480, '1': 421}","{'-1': 15, '1': 8, '0': 7}","(0, 1)","{0: 7, 1: 8}",5.51998000492392,1.1026460485412977,0.26666666666666666
CDH3,0.2199999999999999,3,"{'0': 828, '-1': 568, '1': 277}","{'-1': 17, '0': 8, '1': 5}","(0, 1)","{0: 8, 1: 5}",5.5195708037864435,2.3616742736801184,0.26666666666666666
SCNN1A,0.2199999999999999,3,"{'0': 881, '-1': 461, '1': 331}","{'-1': 11, '1': 10, '0': 9}","(0, 1)","{0: 9, 1: 10}",5.514082746448263,1.1925264303794454,0.3333333333333333
LSR,0.1899999999999999,3,"{'-1': 620, '1': 560, '0': 493}","{'-1': 16, '1': 11, '0': 3}","(0, 1)","{0: 3, 1: 11}",5.512025684438782,2.024862060478777,0.36666666666666664
ESRP1,0.2399999999999999,3,"{'0': 803, '1': 496, '-1': 374}","{'1': 15, '0': 10, '-1': 5}","(0, 1)","{0: 10, 1: 15}",5.5089375734592005,1.8768736102075512,0.5
LSR,0.1999999999999999,3,"{'1': 588, '-1': 570, '0': 515}","{'1': 17, '-1': 10, '0': 3}","(0, 1)","{0: 3, 1: 17}",5.497021866202591,1.987009161480239,0.5666666666666667
ESRP1,0.2499999999999999,3,"{'0': 814, '1': 507, '-1': 352}","{'1': 15, '0': 10, '-1': 5}","(0, 1)","{0: 10, 1: 15}",5.497020883477227,1.87246843108755,0.5
ESRP1,0.2599999999999999,3,"{'0': 821, '1': 518, '-1': 334}","{'1': 15, '0': 10, '-1': 5}","(0, 1)","{0: 10, 1: 15}",5.482812129389777,1.8334156545237752,0.5
LSR,0.2099999999999999,3,"{'1': 606, '0': 537, '-1': 530}","{'1': 18, '-1': 9, '0': 3}","(0, 1)","{0: 3, 1: 18}",5.465671938629284,1.7051544120131443,0.6
LSR,0.2199999999999999,3,"{'1': 629, '0': 544, '-1': 500}","{'1': 18, '-1': 9, '0': 3}","(0, 1)","{0: 3, 1: 18}",5.4540794782829,1.62116859506683,0.6
QPRT,0.1899999999999999,4,"{'-1': 903, '1': 395, '0': 352, '2': 23}","{'-1': 18, '0': 7, '1': 4, '2': 1}","(0, 1)","{0: 7, 1: 4}",5.447181248000949,2.49873561694412,0.23333333333333334
TFPI2,0.1999999999999999,3,"{'-1': 727, '0': 655, '1': 291}","{'-1': 14, '1': 9, '0': 7}","(0, 1)","{0: 7, 1: 9}",5.4229811841268045,1.738233340329408,0.3
LSR,0.2299999999999999,3,"{'1': 651, '0': 572, '-1': 450}","{'1': 18, '-1': 9, '0': 3}","(0, 1)","{0: 3, 1: 18}",5.415252092433985,1.1493961880776389,0.6
MLPH,0.2199999999999999,3,"{'1': 613, '0': 569, '-1': 491}","{'1': 20, '-1': 6, '0': 4}","(0, 1)","{0: 4, 1: 20}",5.350662111267751,1.12784104277106,0.6666666666666666
QPRT,0.1999999999999999,4,"{'-1': 779, '1': 482, '0': 372, '2': 40}","{'-1': 14, '0': 8, '1': 7, '2': 1}","(0, 1)","{0: 8, 1: 7}",5.341956108481317,2.041651692321616,0.26666666666666666
MLPH,0.1899999999999999,3,"{'-1': 679, '0': 537, '1': 457}","{'1': 15, '-1': 11, '0': 4}","(0, 1)","{0: 4, 1: 15}",5.338173498195871,1.4785115590905131,0.5
TFPI,0.1899999999999999,4,"{'-1': 745, '1': 477, '0': 400, '2': 51}","{'-1': 13, '0': 9, '1': 8}","(0, 1)","{0: 9, 1: 8}",5.332776557816844,1.7881187031946868,0.3
TFPI2,0.2099999999999999,3,"{'0': 683, '-1': 664, '1': 326}","{'-1': 13, '1': 10, '0': 7}","(0, 1)","{0: 7, 1: 10}",5.318650982075675,1.1409451715211096,0.3333333333333333
TFPI,0.1999999999999999,4,"{'-1': 649, '1': 519, '0': 435, '2': 70}","{'-1': 12, '0': 10, '1': 8}","(0, 1)","{0: 10, 1: 8}",5.276193616599929,1.3754717513408368,0.3333333333333333
PRSS21,0.3899999999999998,3,"{'0': 1303, '1': 235, '-1': 135}","{'0': 25, '1': 4, '-1': 1}","(0, 1)","{0: 25, 1: 4}",5.27199955455029,1.160059648316108,0.8333333333333334
PRSS21,0.3799999999999999,3,"{'0': 1298, '1': 227, '-1': 148}","{'0': 24, '1': 4, '-1': 2}","(0, 1)","{0: 24, 1: 4}",5.266546525199359,1.3347142498432056,0.8
QPRT,0.2099999999999999,4,"{'-1': 690, '1': 528, '0': 399, '2': 56}","{'-1': 13, '0': 8, '1': 8, '2': 1}","(0, 1)","{0: 8, 1: 8}",5.260666408829943,1.78979847566423,0.26666666666666666
TFPI,0.1799999999999999,3,"{'-1': 960, '0': 373, '1': 340}","{'-1': 14, '0': 9, '1': 7}","(0, 1)","{0: 9, 1: 7}",5.239990495200629,2.2342496954463855,0.3
DSP,0.1999999999999999,3,"{'-1': 624, '1': 529, '0': 520}","{'1': 13, '-1': 13, '0': 4}","(0, 1)","{0: 4, 1: 13}",5.236579132029962,2.4435151998549767,0.43333333333333335
GRHL2,0.1899999999999999,4,"{'0': 1008, '-1': 435, '1': 200, '2': 30}","{'-1': 13, '0': 10, '2': 5, '1': 2}","(0, 2)","{0: 10, 2: 5}",5.229958767396298,4.147460851393964,0.3333333333333333
MLPH,0.1999999999999999,3,"{'-1': 615, '0': 546, '1': 512}","{'1': 17, '-1': 9, '0': 4}","(0, 1)","{0: 4, 1: 17}",5.229548772625196,1.324095931570072,0.5666666666666667
MLPH,0.2099999999999999,4,"{'0': 555, '-1': 549, '1': 543, '2': 26}","{'1': 18, '-1': 7, '0': 4, '2': 1}","(0, 1)","{0: 4, 1: 18}",5.217235043856921,1.324095931570072,0.6
DSP,0.1899999999999999,3,"{'-1': 683, '0': 502, '1': 488}","{'-1': 15, '1': 11, '0': 4}","(0, 1)","{0: 4, 1: 11}",5.212845679083846,2.52139737194369,0.36666666666666664
EHD2,0.1399999999999999,4,"{'-1': 1219, '0': 249, '1': 179, '2': 26}","{'-1': 23, '0': 4, '1': 3}","(0, 1)","{0: 4, 1: 3}",5.212671007059337,3.679717300345739,0.13333333333333333
EHD2,0.1599999999999999,3,"{'-1': 997, '1': 386, '0': 290}","{'-1': 17, '1': 9, '0': 4}","(0, 1)","{0: 4, 1: 9}",5.205946096712577,3.0117329614660164,0.3
EHD2,0.1499999999999999,4,"{'-1': 1093, '1': 280, '0': 262, '2': 38}","{'-1': 18, '1': 8, '0': 4}","(0, 1)","{0: 4, 1: 8}",5.195152845835769,3.4205989729435435,0.26666666666666666
DSP,0.2099999999999999,3,"{'1': 597, '-1': 546, '0': 530}","{'1': 14, '-1': 12, '0': 4}","(0, 1)","{0: 4, 1: 14}",5.183636059702326,1.9302623449530287,0.4666666666666667
PKP1,0.4099999999999998,3,"{'0': 1442, '-1': 122, '1': 109}","{'0': 19, '1': 8, '-1': 3}","(0, 1)","{0: 19, 1: 8}",5.173591331431351,1.3940778806431968,0.6333333333333333
PRSS22,0.2199999999999999,5,"{'0': 976, '-1': 498, '1': 142, '2': 38, '3': 19}","{'-1': 16, '0': 10, '1': 4}","(0, 1)","{0: 10, 1: 4}",5.146188206614585,3.022856613656843,0.3333333333333333
GRHL2,0.2099999999999999,4,"{'0': 1014, '-1': 373, '1': 247, '2': 39}","{'0': 11, '-1': 10, '2': 6, '1': 3}","(0, 2)","{0: 11, 2: 6}",5.139640050548776,3.7504029009742137,0.36666666666666664
PRSS22,0.2299999999999999,5,"{'0': 1012, '-1': 403, '1': 162, '2': 74, '3': 22}","{'-1': 13, '0': 10, '1': 4, '3': 3}","(0, 1)","{0: 10, 1: 4}",5.134293669138618,2.6713452378251477,0.3333333333333333
ERBB3,0.1699999999999999,3,"{'-1': 904, '0': 558, '1': 211}","{'-1': 23, '0': 4, '1': 3}","(0, 1)","{0: 4, 1: 3}",5.1316812492304384,2.7195789619691633,0.13333333333333333
PKP1,0.3999999999999998,3,"{'0': 1441, '-1': 128, '1': 104}","{'0': 19, '1': 8, '-1': 3}","(0, 1)","{0: 19, 1: 8}",5.131574435217957,1.3940778806431968,0.6333333333333333
TFPI2,0.1799999999999999,4,"{'-1': 890, '0': 614, '1': 106, '2': 63}","{'-1': 20, '0': 5, '1': 5}","(0, 1)","{0: 5, 1: 5}",5.12828599046302,2.64526301098897,0.16666666666666666
PKP1,0.3899999999999998,3,"{'0': 1439, '-1': 132, '1': 102}","{'0': 19, '1': 8, '-1': 3}","(0, 1)","{0: 19, 1: 8}",5.12179198204502,1.4589290249931648,0.6333333333333333
GRHL2,0.1999999999999999,4,"{'0': 1010, '-1': 401, '1': 222, '2': 40}","{'0': 11, '-1': 11, '2': 6, '1': 2}","(0, 2)","{0: 11, 2: 6}",5.120514260744999,3.824827742100769,0.36666666666666664
TMEM98,0.1999999999999999,3,"{'-1': 654, '0': 605, '1': 414}","{'1': 16, '-1': 8, '0': 6}","(0, 1)","{0: 6, 1: 16}",5.120282734476593,1.7339057944171476,0.5333333333333333
DSP,0.2199999999999999,4,"{'1': 667, '0': 539, '-1': 450, '2': 17}","{'1': 14, '-1': 12, '0': 4}","(0, 1)","{0: 4, 1: 14}",5.1069460948906915,1.2465660949780302,0.4666666666666667
TFPI,0.1699999999999999,5,"{'-1': 1071, '0': 318, '1': 215, '2': 50, '3': 19}","{'-1': 16, '0': 8, '1': 6}","(0, 1)","{0: 8, 1: 6}",5.101394760593204,2.8196193346042464,0.26666666666666666
PKP1,0.3799999999999999,3,"{'0': 1435, '-1': 149, '1': 89}","{'0': 19, '1': 7, '-1': 4}","(0, 1)","{0: 19, 1: 7}",5.1009532278735845,1.4812104723691717,0.6333333333333333
MGST2,0.2899999999999999,3,"{'0': 1223, '-1': 338, '1': 112}","{'0': 21, '-1': 6, '1': 3}","(0, 1)","{0: 21, 1: 3}",5.091470757921746,1.532013620772197,0.7
MGST2,0.2999999999999999,3,"{'0': 1241, '-1': 317, '1': 115}","{'0': 21, '-1': 6, '1': 3}","(0, 1)","{0: 21, 1: 3}",5.07035857481185,1.332288606493084,0.7
ERBB3,0.1799999999999999,4,"{'-1': 758, '0': 603, '1': 292, '2': 20}","{'-1': 16, '1': 8, '0': 6}","(0, 1)","{0: 6, 1: 8}",5.069897930153617,2.2894216703323647,0.26666666666666666
PRSS22,0.2099999999999999,3,"{'0': 972, '-1': 581, '1': 120}","{'-1': 16, '0': 10, '1': 4}","(0, 1)","{0: 10, 1: 4}",5.0683386695352866,3.1787219496794714,0.3333333333333333
TIMP3,0.1799999999999999,4,"{'-1': 892, '0': 627, '1': 121, '2': 33}","{'-1': 16, '0': 10, '1': 3, '2': 1}","(0, 1)","{0: 10, 1: 3}",5.067779676894902,2.6288982869941755,0.3333333333333333
CDH3,0.1999999999999999,4,"{'0': 813, '-1': 674, '1': 137, '2': 49}","{'-1': 18, '0': 7, '1': 5}","(0, 1)","{0: 7, 1: 5}",5.05178378356725,2.492138467716401,0.23333333333333334
CDH3,0.1899999999999999,4,"{'0': 802, '-1': 721, '1': 120, '2': 30}","{'-1': 20, '0': 7, '1': 3}","(0, 1)","{0: 7, 1: 3}",5.044000053818988,2.61031807499805,0.23333333333333334
EVA1A,0.1799999999999999,4,"{'-1': 771, '0': 479, '1': 389, '2': 34}","{'-1': 16, '1': 10, '0': 4}","(0, 1)","{0: 4, 1: 10}",5.039013990468844,2.3511870367414955,0.3333333333333333
PRSS21,0.3699999999999999,4,"{'0': 1291, '1': 181, '-1': 165, '2': 36}","{'0': 24, '1': 4, '-1': 2}","(0, 1)","{0: 24, 1: 4}",5.022065592236969,1.441973719732649,0.8
MGST2,0.3099999999999999,3,"{'0': 1264, '-1': 283, '1': 126}","{'0': 23, '-1': 4, '1': 3}","(0, 1)","{0: 23, 1: 3}",5.021418941863236,1.1609201881811029,0.7666666666666667
MGST2,0.3199999999999999,3,"{'0': 1273, '-1': 274, '1': 126}","{'0': 23, '-1': 4, '1': 3}","(0, 1)","{0: 23, 1: 3}",5.017093907659427,1.113700499164728,0.7666666666666667
MGST2,0.3299999999999999,3,"{'0': 1280, '-1': 264, '1': 129}","{'0': 23, '-1': 4, '1': 3}","(0, 1)","{0: 23, 1: 3}",5.003216173483016,1.1029939933233257,0.7666666666666667
PRSS21,0.3599999999999999,5,"{'1': 1238, '-1': 187, '2': 168, '0': 50, '3': 30}","{'1': 24, '-1': 3, '2': 3}","(1, 2)","{1: 24, 2: 3}",4.99077819366839,1.6725123797707369,0.8
TGFB2,0.1899999999999999,5,"{'-1': 856, '0': 590, '2': 113, '1': 86, '3': 28}","{'-1': 20, '0': 4, '1': 3, '2': 2, '3': 1}","(0, 1)","{0: 4, 1: 3}",4.989925711724837,2.9043405374264504,0.13333333333333333
EHD2,0.1799999999999999,3,"{'-1': 792, '1': 536, '0': 345}","{'-1': 14, '1': 11, '0': 5}","(0, 1)","{0: 5, 1: 11}",4.987307387270371,1.9660906652332784,0.36666666666666664
PRSS21,0.3099999999999999,3,"{'0': 1234, '-1': 329, '1': 110}","{'0': 24, '-1': 3, '1': 3}","(0, 1)","{0: 24, 1: 3}",4.970621316957969,2.398933480603537,0.8
ERBB3,0.1899999999999999,4,"{'-1': 640, '0': 620, '1': 368, '2': 45}","{'-1': 12, '1': 9, '0': 8, '2': 1}","(0, 1)","{0: 8, 1: 9}",4.9640330654999145,1.413210146227837,0.3
EHD2,0.1699999999999999,3,"{'-1': 858, '1': 495, '0': 320}","{'-1': 16, '1': 9, '0': 5}","(0, 1)","{0: 5, 1: 9}",4.963793834873333,2.065170438941281,0.3
PRSS21,0.3199999999999999,3,"{'0': 1237, '-1': 311, '1': 125}","{'0': 24, '-1': 3, '1': 3}","(0, 1)","{0: 24, 1: 3}",4.932837208258085,2.2227902415625698,0.8
EHD2,0.1999999999999999,4,"{'-1': 639, '1': 607, '0': 371, '2': 56}","{'1': 12, '-1': 11, '0': 6, '2': 1}","(0, 1)","{0: 6, 1: 12}",4.92463791038587,1.5642310591370694,0.4
EHD2,0.1899999999999999,3,"{'-1': 722, '1': 585, '0': 366}","{'1': 12, '-1': 12, '0': 6}","(0, 1)","{0: 6, 1: 12}",4.908695646645422,1.5642310591370694,0.4
PLEK2,0.1499999999999999,4,"{'-1': 1063, '0': 467, '1': 123, '2': 20}","{'-1': 22, '1': 3, '0': 3, '2': 2}","(0, 1)","{0: 3, 1: 3}",4.9070414683000925,3.4888387996889603,0.1
SERPINB1,0.2499999999999999,3,"{'0': 1088, '-1': 460, '1': 125}","{'0': 22, '-1': 5, '1': 3}","(0, 1)","{0: 22, 1: 3}",4.9060264573141605,1.3687819083179715,0.7333333333333333
SERPINB1,0.2599999999999999,3,"{'0': 1101, '-1': 433, '1': 139}","{'0': 22, '-1': 5, '1': 3}","(0, 1)","{0: 22, 1: 3}",4.901805673706447,1.2821662660119906,0.7333333333333333
GALNT3,0.1499999999999999,6,"{'-1': 1038, '0': 368, '3': 180, '2': 39, '1': 24, '4': 24}","{'-1': 19, '3': 4, '0': 4, '1': 1, '2': 1, '4': 1}","(0, 3)","{0: 4, 3: 4}",4.898153188985069,3.4071144247068412,0.13333333333333333
PLEK2,0.1999999999999999,3,"{'-1': 602, '0': 576, '1': 495}","{'-1': 15, '1': 10, '0': 5}","(0, 1)","{0: 5, 1: 10}",4.892427969953674,2.0181298041055387,0.3333333333333333
SERPINB1,0.2699999999999999,3,"{'0': 1118, '-1': 414, '1': 141}","{'0': 22, '-1': 5, '1': 3}","(0, 1)","{0: 22, 1: 3}",4.882966222864055,1.2751798356958832,0.7333333333333333
SMARCA1,0.1899999999999999,3,"{'0': 755, '-1': 614, '1': 304}","{'-1': 15, '0': 12, '1': 3}","(0, 1)","{0: 12, 1: 3}",4.870459368896013,2.1813297647145617,0.4
PRSS21,0.3399999999999998,4,"{'0': 1240, '-1': 259, '1': 142, '2': 32}","{'0': 24, '-1': 3, '1': 3}","(0, 1)","{0: 24, 1: 3}",4.86788541448503,1.944789813042326,0.8
LIMCH1,0.1799999999999999,6,"{'-1': 898, '1': 382, '0': 228, '2': 83, '3': 42, '4': 40}","{'-1': 19, '0': 6, '1': 3, '4': 1, '2': 1}","(0, 1)","{0: 6, 1: 3}",4.864006671279739,2.8323513936466735,0.2
PLEK2,0.1799999999999999,4,"{'-1': 719, '0': 511, '1': 406, '2': 37}","{'-1': 18, '1': 7, '0': 4, '2': 1}","(0, 1)","{0: 4, 1: 7}",4.8629172173392465,2.345168280162252,0.23333333333333334
PRSS21,0.3299999999999999,3,"{'0': 1238, '-1': 299, '1': 136}","{'0': 24, '-1': 3, '1': 3}","(0, 1)","{0: 24, 1: 3}",4.85839017963869,1.944789813042326,0.8
PRSS21,0.3499999999999998,5,"{'1': 1241, '-1': 215, '2': 145, '0': 43, '3': 29}","{'1': 24, '-1': 3, '2': 3}","(1, 2)","{1: 24, 2: 3}",4.854793223881314,1.837874609125814,0.8
PLEK2,0.1899999999999999,3,"{'-1': 666, '0': 568, '1': 439}","{'-1': 17, '1': 8, '0': 5}","(0, 1)","{0: 5, 1: 8}",4.8502817464016275,2.2563397532597858,0.26666666666666666
SERPINB1,0.2799999999999999,3,"{'0': 1131, '-1': 389, '1': 153}","{'0': 22, '-1': 5, '1': 3}","(0, 1)","{0: 22, 1: 3}",4.8351270706866405,1.2339571729693706,0.7333333333333333
SERPINB1,0.2899999999999999,3,"{'0': 1158, '-1': 352, '1': 163}","{'0': 22, '-1': 5, '1': 3}","(0, 1)","{0: 22, 1: 3}",4.830825157967036,1.2339571729693706,0.7333333333333333
ICAM1,0.1699999999999999,5,"{'-1': 1221, '1': 221, '0': 143, '2': 48, '3': 40}","{'-1': 20, '1': 7, '0': 3}","(0, 1)","{0: 3, 1: 7}",4.820459044671895,2.841788419121478,0.23333333333333334
PLEK2,0.1699999999999999,4,"{'-1': 806, '0': 497, '1': 336, '2': 34}","{'-1': 19, '1': 7, '0': 3, '2': 1}","(0, 1)","{0: 3, 1: 7}",4.820262598628199,2.687324218350834,0.23333333333333334
SMARCA1,0.1999999999999999,3,"{'0': 794, '-1': 567, '1': 312}","{'0': 13, '-1': 13, '1': 4}","(0, 1)","{0: 13, 1: 4}",4.818531289061368,2.054600442087265,0.43333333333333335
PLEK2,0.2099999999999999,3,"{'0': 592, '-1': 542, '1': 539}","{'-1': 14, '1': 11, '0': 5}","(0, 1)","{0: 5, 1: 11}",4.81070320706909,1.3884957118263526,0.36666666666666664
SMARCA1,0.2099999999999999,4,"{'0': 826, '-1': 496, '1': 316, '2': 35}","{'0': 14, '-1': 11, '1': 4, '2': 1}","(0, 1)","{0: 14, 1: 4}",4.806663172625542,1.8407334800564097,0.4666666666666667
PRSS22,0.2499999999999999,3,"{'0': 1031, '1': 336, '-1': 306}","{'0': 12, '1': 10, '-1': 8}","(0, 1)","{0: 12, 1: 10}",4.804613543357273,1.3168212044542735,0.4
ALDH2,0.1699999999999999,4,"{'-1': 1104, '1': 405, '0': 127, '2': 37}","{'-1': 16, '1': 10, '0': 4}","(0, 1)","{0: 4, 1: 10}",4.795080085309026,2.7620565751290367,0.3333333333333333
PRSS22,0.2599999999999999,3,"{'0': 1036, '1': 350, '-1': 287}","{'1': 12, '0': 12, '-1': 6}","(0, 1)","{0: 12, 1: 12}",4.792792337207815,1.181771244290421,0.4
SMARCA1,0.2199999999999999,4,"{'0': 849, '-1': 470, '1': 318, '2': 36}","{'0': 14, '-1': 10, '1': 5, '2': 1}","(0, 1)","{0: 14, 1: 5}",4.786763593873406,1.5899631817795226,0.4666666666666667
AEBP1,0.2999999999999999,3,"{'0': 997, '-1': 474, '1': 202}","{'0': 25, '1': 3, '-1': 2}","(0, 1)","{0: 25, 1: 3}",4.786089111398113,1.1805722456418208,0.8333333333333334
MEST,0.2099999999999999,4,"{'0': 709, '-1': 687, '1': 260, '2': 17}","{'0': 15, '-1': 11, '1': 4}","(0, 1)","{0: 15, 1: 4}",4.776046481581976,1.5815110755322268,0.5
GALNT3,0.1599999999999999,3,"{'-1': 961, '0': 424, '1': 288}","{'-1': 18, '1': 7, '0': 5}","(0, 1)","{0: 5, 1: 7}",4.774042844717695,2.9726113318858767,0.23333333333333334
ALDH2,0.1599999999999999,4,"{'-1': 1250, '1': 308, '0': 75, '2': 40}","{'-1': 18, '1': 8, '0': 4}","(0, 1)","{0: 4, 1: 8}",4.768915967891038,2.9006167587003646,0.26666666666666666
PRSS22,0.2399999999999999,3,"{'0': 1021, '-1': 339, '1': 313}","{'0': 12, '1': 10, '-1': 8}","(0, 1)","{0: 12, 1: 10}",4.766034083043915,1.3846638502353246,0.4
EVA1A,0.1599999999999999,4,"{'-1': 959, '0': 449, '1': 195, '2': 70}","{'-1': 19, '1': 8, '0': 3}","(0, 1)","{0: 3, 1: 8}",4.76156146110868,2.9134334414752905,0.26666666666666666
ICAM1,0.1799999999999999,6,"{'-1': 1078, '0': 261, '1': 236, '2': 54, '3': 32, '4': 12}","{'-1': 18, '0': 7, '1': 3, '2': 1, '4': 1}","(0, 1)","{0: 7, 1: 3}",4.754797411747594,2.504274655155595,0.23333333333333334
EVA1A,0.1699999999999999,5,"{'-1': 870, '0': 473, '1': 228, '2': 75, '3': 27}","{'-1': 16, '1': 8, '0': 4, '2': 1, '3': 1}","(0, 1)","{0: 4, 1: 8}",4.754515760788588,2.662565318845129,0.26666666666666666
FGFR1,0.1899999999999999,6,"{'-1': 846, '0': 596, '1': 129, '4': 44, '2': 40, '3': 18}","{'-1': 14, '0': 12, '4': 3, '1': 1}","(0, 4)","{0: 12, 4: 3}",4.739991266238801,1.6822597020760717,0.4
PLEK2,0.1599999999999999,5,"{'-1': 907, '0': 485, '1': 223, '2': 34, '3': 24}","{'-1': 21, '1': 6, '0': 3}","(0, 1)","{0: 3, 1: 6}",4.737113091038376,2.778785769860834,0.2
MEST,0.2199999999999999,3,"{'0': 745, '-1': 637, '1': 291}","{'0': 15, '-1': 10, '1': 5}","(0, 1)","{0: 15, 1: 5}",4.730074059128908,1.255073120131111,0.5
EVA1A,0.1899999999999999,3,"{'-1': 677, '0': 506, '1': 490}","{'1': 14, '-1': 12, '0': 4}","(0, 1)","{0: 4, 1: 14}",4.727798932308712,1.2191302491361506,0.4666666666666667
MISP,0.1799999999999999,3,"{'0': 822, '-1': 647, '1': 204}","{'-1': 14, '0': 11, '1': 5}","(0, 1)","{0: 11, 1: 5}",4.726134751860929,2.914922650314612,0.36666666666666664
EVA1A,0.1999999999999999,3,"{'-1': 624, '0': 532, '1': 517}","{'0': 14, '-1': 12, '1': 4}","(0, 1)","{0: 14, 1: 4}",4.720264242949755,1.0924075337666483,0.4666666666666667
SNAI2,0.1899999999999999,3,"{'-1': 778, '1': 548, '0': 347}","{'-1': 20, '1': 6, '0': 4}","(0, 1)","{0: 4, 1: 6}",4.7195320924027,2.039908721436636,0.2
FGFR1,0.1999999999999999,4,"{'-1': 750, '0': 676, '1': 188, '2': 59}","{'0': 15, '-1': 11, '1': 4}","(0, 1)","{0: 15, 1: 4}",4.708792812997327,1.224759435880364,0.5
GALNT3,0.1899999999999999,3,"{'-1': 756, '0': 509, '1': 408}","{'-1': 13, '1': 11, '0': 6}","(0, 1)","{0: 6, 1: 11}",4.700242299317806,2.3695890220375464,0.36666666666666664
ALDH2,0.1799999999999999,4,"{'-1': 961, '0': 510, '1': 164, '2': 38}","{'-1': 15, '0': 11, '1': 4}","(0, 1)","{0: 11, 1: 4}",4.699606637003037,2.5940320099670027,0.36666666666666664
GALNT3,0.1699999999999999,3,"{'-1': 857, '0': 458, '1': 358}","{'-1': 15, '1': 10, '0': 5}","(0, 1)","{0: 5, 1: 10}",4.694707999905819,2.478199519969216,0.3333333333333333
GALNT3,0.1799999999999999,3,"{'-1': 800, '0': 489, '1': 384}","{'-1': 14, '1': 10, '0': 6}","(0, 1)","{0: 6, 1: 10}",4.691140581709536,2.3695890220375464,0.3333333333333333
MISP,0.2199999999999999,4,"{'0': 853, '-1': 411, '1': 389, '2': 20}","{'-1': 12, '0': 11, '1': 7}","(0, 1)","{0: 11, 1: 7}",4.668225984036633,1.816763836108324,0.36666666666666664
SNAI2,0.1699999999999999,3,"{'-1': 869, '1': 528, '0': 276}","{'-1': 22, '1': 5, '0': 3}","(0, 1)","{0: 3, 1: 5}",4.664221970988973,2.297423131378715,0.16666666666666666
NLRP2,0.2099999999999999,3,"{'0': 992, '-1': 552, '1': 129}","{'0': 16, '-1': 11, '1': 3}","(0, 1)","{0: 16, 1: 3}",4.66252138966415,2.732535441746437,0.5333333333333333
BCAT1,0.1799999999999999,7,"{'-1': 775, '1': 398, '0': 373, '3': 61, '2': 32, '4': 24, '5': 10}","{'-1': 17, '0': 7, '3': 3, '1': 2, '2': 1}","(0, 3)","{0: 7, 3: 3}",4.662089408240678,3.1276761539154156,0.23333333333333334
ALDH2,0.1999999999999999,3,"{'-1': 770, '0': 706, '1': 197}","{'0': 14, '-1': 10, '1': 6}","(0, 1)","{0: 14, 1: 6}",4.65578507095716,1.9432962420372557,0.4666666666666667
GALNT3,0.1999999999999999,3,"{'-1': 705, '0': 519, '1': 449}","{'1': 12, '-1': 11, '0': 7}","(0, 1)","{0: 7, 1: 12}",4.650256728521612,1.8674438064432983,0.4
SNAI2,0.1799999999999999,3,"{'-1': 831, '1': 546, '0': 296}","{'-1': 22, '1': 5, '0': 3}","(0, 1)","{0: 3, 1: 5}",4.648651545467257,2.1877986402042167,0.16666666666666666
ALDH2,0.1899999999999999,4,"{'-1': 890, '0': 554, '1': 187, '2': 42}","{'-1': 13, '0': 11, '1': 6}","(0, 1)","{0: 11, 1: 6}",4.647469986030087,2.3570318958432783,0.36666666666666664
MISP,0.2099999999999999,3,"{'0': 847, '-1': 468, '1': 358}","{'-1': 12, '0': 11, '1': 7}","(0, 1)","{0: 11, 1: 7}",4.647028821477628,2.076815597050831,0.36666666666666664
GALNT3,0.2099999999999999,3,"{'-1': 665, '0': 541, '1': 467}","{'1': 12, '-1': 10, '0': 8}","(0, 1)","{0: 8, 1: 12}",4.616187013187957,1.5278185936175477,0.4
EPDR1,0.1899999999999999,3,"{'-1': 795, '0': 557, '1': 321}","{'-1': 13, '0': 9, '1': 8}","(0, 1)","{0: 9, 1: 8}",4.61344843383941,2.0524016979598194,0.3
MISP,0.2299999999999999,4,"{'0': 864, '1': 423, '-1': 367, '2': 19}","{'-1': 11, '0': 11, '1': 8}","(0, 1)","{0: 11, 1: 8}",4.611998428460831,1.5443205162238105,0.36666666666666664
MISP,0.1999999999999999,3,"{'0': 838, '-1': 534, '1': 301}","{'-1': 12, '0': 11, '1': 7}","(0, 1)","{0: 11, 1: 7}",4.611876131976394,2.289795473946554,0.36666666666666664
FCGRT,0.1699999999999999,5,"{'-1': 1188, '0': 329, '2': 65, '1': 60, '3': 31}","{'-1': 23, '0': 3, '1': 3, '2': 1}","(0, 1)","{0: 3, 1: 3}",4.61027823150304,3.0755844902964222,0.1
MISP,0.2399999999999999,3,"{'0': 886, '1': 445, '-1': 342}","{'0': 12, '1': 10, '-1': 8}","(0, 1)","{0: 12, 1: 10}",4.595257815986433,1.4679696300936953,0.4
MISP,0.1899999999999999,3,"{'0': 830, '-1': 569, '1': 274}","{'-1': 13, '0': 11, '1': 6}","(0, 1)","{0: 11, 1: 6}",4.583982007196758,2.353498173888233,0.36666666666666664
ALDH2,0.2099999999999999,3,"{'0': 760, '-1': 687, '1': 226}","{'0': 15, '-1': 8, '1': 7}","(0, 1)","{0: 15, 1: 7}",4.5816715515935185,1.612745657234694,0.5
NLRP2,0.2199999999999999,3,"{'0': 992, '-1': 498, '1': 183}","{'0': 16, '-1': 11, '1': 3}","(0, 1)","{0: 16, 1: 3}",4.580824724131837,2.465604905938016,0.5333333333333333
KCNN4,0.1999999999999999,3,"{'-1': 849, '0': 618, '1': 206}","{'0': 15, '-1': 12, '1': 3}","(0, 1)","{0: 15, 1: 3}",4.563928789501915,1.512976387895429,0.5
LAMA3,0.1999999999999999,6,"{'-1': 649, '0': 506, '2': 283, '4': 109, '3': 75, '1': 51}","{'-1': 12, '0': 8, '4': 5, '2': 3, '1': 1, '3': 1}","(0, 2)","{0: 8, 2: 3}",4.552768847851815,1.668116186410319,0.26666666666666666
BCAT1,0.1899999999999999,3,"{'-1': 654, '1': 630, '0': 389}","{'-1': 14, '0': 9, '1': 7}","(0, 1)","{0: 9, 1: 7}",4.5375412899421494,1.4630846736859526,0.3
EPDR1,0.1499999999999999,3,"{'-1': 1163, '1': 268, '0': 242}","{'-1': 20, '1': 7, '0': 3}","(0, 1)","{0: 3, 1: 7}",4.533554447603565,2.938599455335857,0.23333333333333334
SNAI2,0.1999999999999999,3,"{'-1': 672, '1': 568, '0': 433}","{'-1': 17, '0': 7, '1': 6}","(0, 1)","{0: 7, 1: 6}",4.517296611015607,1.3439544012173614,0.23333333333333334
NLRP2,0.2299999999999999,3,"{'0': 995, '-1': 461, '1': 217}","{'0': 17, '-1': 9, '1': 4}","(0, 1)","{0: 17, 1: 4}",4.5141753555117905,2.4121656469765553,0.5666666666666667
PRTFDC1,0.1599999999999999,3,"{'-1': 1106, '0': 346, '1': 221}","{'-1': 16, '0': 9, '1': 5}","(0, 1)","{0: 9, 1: 5}",4.503185085502076,3.1290301122128104,0.3
C3orf14,0.2199999999999999,3,"{'0': 833, '1': 430, '-1': 410}","{'0': 20, '-1': 7, '1': 3}","(0, 1)","{0: 20, 1: 3}",4.502815986734461,1.716559383504369,0.6666666666666666
C3orf14,0.2099999999999999,3,"{'0': 811, '-1': 433, '1': 429}","{'0': 20, '-1': 7, '1': 3}","(0, 1)","{0: 20, 1: 3}",4.502445703034528,1.8461946639209648,0.6666666666666666
KCNN4,0.2099999999999999,3,"{'-1': 766, '0': 686, '1': 221}","{'0': 15, '-1': 12, '1': 3}","(0, 1)","{0: 15, 1: 3}",4.495607069187035,1.2441883449377928,0.5
EPDR1,0.1999999999999999,3,"{'-1': 714, '0': 633, '1': 326}","{'-1': 12, '0': 10, '1': 8}","(0, 1)","{0: 10, 1: 8}",4.493615554432409,1.5145731728297576,0.3333333333333333
EPDR1,0.1699999999999999,4,"{'-1': 926, '0': 433, '1': 290, '2': 24}","{'-1': 15, '0': 7, '1': 7, '2': 1}","(0, 1)","{0: 7, 1: 7}",4.48886768793946,2.6143634171617154,0.23333333333333334
BCAT1,0.2099999999999999,3,"{'1': 697, '-1': 569, '0': 407}","{'-1': 12, '0': 9, '1': 9}","(0, 1)","{0: 9, 1: 9}",4.488526158175847,1.0555415634840852,0.3
EPDR1,0.1799999999999999,4,"{'-1': 885, '0': 455, '1': 303, '2': 30}","{'-1': 15, '0': 7, '1': 7, '2': 1}","(0, 1)","{0: 7, 1: 7}",4.487623775496236,2.6143634171617154,0.23333333333333334
NLRP2,0.2599999999999999,3,"{'0': 1013, '-1': 372, '1': 288}","{'0': 17, '1': 7, '-1': 6}","(0, 1)","{0: 17, 1: 7}",4.486781781916318,1.8267315554833177,0.5666666666666667
BCAT1,0.1999999999999999,3,"{'1': 670, '-1': 603, '0': 400}","{'-1': 12, '0': 9, '1': 9}","(0, 1)","{0: 9, 1: 9}",4.48607528731376,1.278754863955561,0.3
EPDR1,0.2099999999999999,3,"{'0': 702, '-1': 637, '1': 334}","{'-1': 12, '0': 10, '1': 8}","(0, 1)","{0: 10, 1: 8}",4.486066104487593,1.242229790694498,0.3333333333333333
C3orf14,0.2299999999999999,3,"{'0': 856, '1': 438, '-1': 379}","{'0': 20, '-1': 7, '1': 3}","(0, 1)","{0: 20, 1: 3}",4.476867442121968,1.4871625743708627,0.6666666666666666
NLRP2,0.2499999999999999,3,"{'0': 1009, '-1': 396, '1': 268}","{'0': 17, '-1': 7, '1': 6}","(0, 1)","{0: 17, 1: 6}",4.470455985184674,1.9060540081447233,0.5666666666666667
C3orf14,0.2399999999999999,3,"{'0': 884, '1': 439, '-1': 350}","{'0': 20, '-1': 7, '1': 3}","(0, 1)","{0: 20, 1: 3}",4.469386517000095,1.2671538723431977,0.6666666666666666
EPDR1,0.1599999999999999,3,"{'-1': 1051, '0': 346, '1': 276}","{'-1': 18, '1': 7, '0': 5}","(0, 1)","{0: 5, 1: 7}",4.459943789849979,2.871701167146218,0.23333333333333334
MTAP,0.1399999999999999,6,"{'-1': 950, '0': 503, '1': 81, '3': 61, '2': 47, '4': 31}","{'-1': 18, '0': 5, '3': 3, '1': 2, '2': 2}","(0, 3)","{0: 5, 3: 3}",4.459393865331236,3.178465293008553,0.16666666666666666
NLRP2,0.2699999999999999,3,"{'0': 1018, '-1': 349, '1': 306}","{'0': 17, '1': 7, '-1': 6}","(0, 1)","{0: 17, 1: 7}",4.457343596364031,1.600644122953426,0.5666666666666667
EPDR1,0.2199999999999999,3,"{'0': 780, '-1': 552, '1': 341}","{'0': 12, '-1': 10, '1': 8}","(0, 1)","{0: 12, 1: 8}",4.4568908814185635,1.101229474791427,0.4
C3orf14,0.2499999999999999,3,"{'0': 899, '1': 441, '-1': 333}","{'0': 20, '-1': 7, '1': 3}","(0, 1)","{0: 20, 1: 3}",4.454544051290435,1.1445582812838857,0.6666666666666666
NLRP2,0.2399999999999999,3,"{'0': 1005, '-1': 429, '1': 239}","{'0': 17, '-1': 9, '1': 4}","(0, 1)","{0: 17, 1: 4}",4.451968294029925,1.9060540081447233,0.5666666666666667
ESRP2,0.1699999999999999,4,"{'0': 804, '-1': 633, '1': 215, '2': 21}","{'-1': 19, '0': 7, '1': 3, '2': 1}","(0, 1)","{0: 7, 1: 3}",4.444123287731193,2.4915356367528876,0.23333333333333334
NLRP2,0.2899999999999999,3,"{'0': 1030, '1': 328, '-1': 315}","{'0': 17, '1': 9, '-1': 4}","(0, 1)","{0: 17, 1: 9}",4.44095277914363,1.172923745072148,0.5666666666666667
MGLL,0.1999999999999999,3,"{'-1': 742, '0': 705, '1': 226}","{'-1': 14, '0': 13, '1': 3}","(0, 1)","{0: 13, 1: 3}",4.437690152185291,1.175961391172981,0.43333333333333335
NLRP2,0.2999999999999999,3,"{'0': 1034, '1': 336, '-1': 303}","{'0': 17, '1': 9, '-1': 4}","(0, 1)","{0: 17, 1: 9}",4.4369273023030855,1.0193005559589363,0.5666666666666667
MTAP,0.1499999999999999,4,"{'-1': 855, '0': 651, '2': 98, '1': 69}","{'-1': 17, '0': 8, '1': 3, '2': 2}","(0, 1)","{0: 8, 1: 3}",4.424250633840567,2.9819920508492372,0.26666666666666666
NLRP2,0.2799999999999999,3,"{'0': 1024, '-1': 327, '1': 322}","{'0': 17, '1': 8, '-1': 5}","(0, 1)","{0: 17, 1: 8}",4.416604353938018,1.172923745072148,0.5666666666666667
NLRP2,0.3199999999999999,3,"{'0': 1046, '1': 348, '-1': 279}","{'0': 17, '1': 9, '-1': 4}","(0, 1)","{0: 17, 1: 9}",4.41515917986596,1.00242673739454,0.5666666666666667
NLRP2,0.3099999999999999,3,"{'0': 1039, '1': 344, '-1': 290}","{'0': 17, '1': 9, '-1': 4}","(0, 1)","{0: 17, 1: 9}",4.411746784697879,1.00242673739454,0.5666666666666667
ESRP2,0.1499999999999999,4,"{'-1': 772, '0': 747, '1': 124, '2': 30}","{'-1': 20, '0': 6, '1': 3, '2': 1}","(0, 1)","{0: 6, 1: 3}",4.411220625291371,2.792006957724168,0.2
MGLL,0.2099999999999999,3,"{'0': 738, '-1': 690, '1': 245}","{'0': 14, '-1': 13, '1': 3}","(0, 1)","{0: 14, 1: 3}",4.4073161030159484,1.108813487138925,0.4666666666666667
MACROH2A2,0.1499999999999999,5,"{'-1': 1168, '0': 328, '1': 101, '2': 52, '3': 24}","{'-1': 22, '0': 4, '1': 3, '2': 1}","(0, 1)","{0: 4, 1: 3}",4.3985484325676465,3.0134622598065626,0.13333333333333333
GSDME,0.1699999999999999,3,"{'-1': 1029, '1': 446, '0': 198}","{'-1': 21, '1': 6, '0': 3}","(0, 1)","{0: 3, 1: 6}",4.398058233879165,2.017921907997262,0.2
MTAP,0.1599999999999999,4,"{'-1': 764, '0': 730, '1': 105, '2': 74}","{'-1': 13, '0': 12, '2': 3, '1': 2}","(0, 2)","{0: 12, 2: 3}",4.398046346173904,2.840801405150746,0.4
PRTFDC1,0.1499999999999999,3,"{'-1': 1216, '0': 333, '1': 124}","{'-1': 17, '0': 9, '1': 4}","(0, 1)","{0: 9, 1: 4}",4.39088429540243,3.268304900814938,0.3
ESRP2,0.2199999999999999,3,"{'0': 828, '1': 427, '-1': 418}","{'-1': 12, '1': 11, '0': 7}","(0, 1)","{0: 7, 1: 11}",4.3866012593191845,1.5281312781244794,0.36666666666666664
MYH14,0.1999999999999999,3,"{'-1': 702, '1': 676, '0': 295}","{'-1': 19, '1': 7, '0': 4}","(0, 1)","{0: 4, 1: 7}",4.3861496113248,1.6554501081889323,0.23333333333333334
ESRP2,0.2299999999999999,3,"{'0': 832, '1': 452, '-1': 389}","{'1': 12, '-1': 11, '0': 7}","(0, 1)","{0: 7, 1: 12}",4.383281075752866,1.3923174227787596,0.4
ESRP2,0.1799999999999999,3,"{'0': 811, '-1': 552, '1': 310}","{'-1': 17, '0': 7, '1': 6}","(0, 1)","{0: 7, 1: 6}",4.362789259636756,1.8994731240460352,0.23333333333333334
NEDD9,0.1799999999999999,5,"{'-1': 1108, '0': 190, '3': 175, '1': 139, '2': 61}","{'-1': 19, '3': 4, '2': 3, '0': 2, '1': 2}","(2, 3)","{2: 3, 3: 4}",4.3612079677837645,3.172303724225043,0.13333333333333333
PRTFDC1,0.1699999999999999,4,"{'-1': 943, '0': 356, '1': 344, '2': 30}","{'-1': 14, '0': 9, '1': 7}","(0, 1)","{0: 9, 1: 7}",4.359477407739747,2.4134264493728583,0.3
ESRP2,0.1999999999999999,3,"{'0': 820, '-1': 495, '1': 358}","{'-1': 17, '0': 7, '1': 6}","(0, 1)","{0: 7, 1: 6}",4.354919975089584,1.7544227912427526,0.23333333333333334
CYBRD1,0.2099999999999999,3,"{'1': 709, '-1': 677, '0': 287}","{'1': 17, '-1': 10, '0': 3}","(0, 1)","{0: 3, 1: 17}",4.353879574611578,1.1100894517116555,0.5666666666666667
ESRP2,0.1899999999999999,3,"{'0': 817, '-1': 522, '1': 334}","{'-1': 17, '0': 7, '1': 6}","(0, 1)","{0: 7, 1: 6}",4.352835338226363,1.8317285174102016,0.23333333333333334
ESRP2,0.2399999999999999,3,"{'0': 836, '1': 472, '-1': 365}","{'1': 13, '-1': 10, '0': 7}","(0, 1)","{0: 7, 1: 13}",4.350262072353956,1.1466602931127037,0.43333333333333335
MTAP,0.1899999999999999,3,"{'1': 971, '-1': 511, '0': 191}","{'1': 15, '-1': 10, '0': 5}","(0, 1)","{0: 5, 1: 15}",4.3457067961174625,2.452324732143037,0.5
ESRP2,0.2099999999999999,4,"{'0': 827, '-1': 446, '1': 380, '2': 20}","{'-1': 13, '1': 8, '0': 7, '2': 2}","(0, 1)","{0: 7, 1: 8}",4.343192126094843,1.7357266975328474,0.26666666666666666
MTAP,0.1999999999999999,3,"{'1': 997, '-1': 483, '0': 193}","{'1': 15, '-1': 10, '0': 5}","(0, 1)","{0: 5, 1: 15}",4.341036090298344,2.3914249420568936,0.5
FHL1,0.1799999999999999,3,"{'-1': 959, '0': 364, '1': 350}","{'-1': 17, '0': 7, '1': 6}","(0, 1)","{0: 7, 1: 6}",4.340916264409593,1.5703651245081982,0.23333333333333334
ESRP2,0.2499999999999999,3,"{'0': 846, '1': 499, '-1': 328}","{'1': 13, '-1': 10, '0': 7}","(0, 1)","{0: 7, 1: 13}",4.335855226753365,1.1466602931127037,0.43333333333333335
FHL1,0.1699999999999999,3,"{'-1': 1059, '1': 337, '0': 277}","{'-1': 21, '1': 6, '0': 3}","(0, 1)","{0: 3, 1: 6}",4.335356434807339,2.116386574551139,0.2
CYBRD1,0.1999999999999999,3,"{'-1': 727, '1': 668, '0': 278}","{'1': 16, '-1': 11, '0': 3}","(0, 1)","{0: 3, 1: 16}",4.333687827551519,1.1684536142256443,0.5333333333333333
MYH14,0.2099999999999999,4,"{'1': 684, '-1': 591, '0': 349, '2': 49}","{'-1': 17, '1': 7, '0': 6}","(0, 1)","{0: 6, 1: 7}",4.333297499768435,1.4430805364606472,0.23333333333333334
GSDME,0.1799999999999999,3,"{'-1': 930, '1': 531, '0': 212}","{'-1': 19, '1': 8, '0': 3}","(0, 1)","{0: 3, 1: 8}",4.33244177021731,1.8532801273617572,0.26666666666666666
CYBRD1,0.2199999999999999,3,"{'1': 733, '-1': 640, '0': 300}","{'1': 17, '-1': 10, '0': 3}","(0, 1)","{0: 3, 1: 17}",4.332433677029808,1.027136129937514,0.5666666666666667
GSDME,0.1999999999999999,4,"{'-1': 742, '0': 630, '1': 242, '2': 59}","{'-1': 15, '0': 10, '1': 4, '2': 1}","(0, 1)","{0: 10, 1: 4}",4.33140236543709,1.5765379801931467,0.3333333333333333
GRHL2,0.2899999999999999,3,"{'0': 1056, '1': 404, '-1': 213}","{'1': 13, '0': 11, '-1': 6}","(0, 1)","{0: 11, 1: 13}",4.330066219602051,1.5091846538343965,0.43333333333333335
MTAP,0.2099999999999999,3,"{'1': 1040, '-1': 439, '0': 194}","{'1': 16, '-1': 9, '0': 5}","(0, 1)","{0: 5, 1: 16}",4.329185279080925,2.308752706139629,0.5333333333333333
COPZ2,0.1699999999999999,5,"{'-1': 991, '1': 381, '2': 143, '0': 93, '3': 65}","{'-1': 17, '1': 7, '2': 3, '0': 3}","(1, 2)","{1: 7, 2: 3}",4.327011366263504,2.80647010446416,0.23333333333333334
MTAP,0.1699999999999999,4,"{'0': 793, '-1': 671, '1': 186, '2': 23}","{'-1': 13, '0': 12, '1': 5}","(0, 1)","{0: 12, 1: 5}",4.325433875165363,2.774360458137056,0.4
GSDME,0.1899999999999999,4,"{'-1': 818, '0': 590, '1': 231, '2': 34}","{'-1': 16, '0': 9, '1': 4, '2': 1}","(0, 1)","{0: 9, 1: 4}",4.324669866128462,1.6409547086889174,0.3
ESRP2,0.1599999999999999,3,"{'0': 791, '-1': 726, '1': 156}","{'-1': 20, '0': 7, '1': 3}","(0, 1)","{0: 7, 1: 3}",4.324312604754934,2.7039035734446633,0.23333333333333334
MTAP,0.2199999999999999,3,"{'1': 1060, '-1': 411, '0': 202}","{'1': 18, '-1': 7, '0': 5}","(0, 1)","{0: 5, 1: 18}",4.323285787771183,2.1918349543604783,0.6
MTAP,0.2499999999999999,3,"{'1': 1118, '-1': 340, '0': 215}","{'1': 19, '-1': 6, '0': 5}","(0, 1)","{0: 5, 1: 19}",4.320664132991106,1.9226579114668352,0.6333333333333333
MTAP,0.2599999999999999,3,"{'1': 1135, '-1': 317, '0': 221}","{'1': 19, '-1': 6, '0': 5}","(0, 1)","{0: 5, 1: 19}",4.319876803300237,1.9226579114668352,0.6333333333333333
GRHL2,0.2299999999999999,3,"{'0': 1024, '1': 332, '-1': 317}","{'0': 11, '1': 10, '-1': 9}","(0, 1)","{0: 11, 1: 10}",4.319139497937672,2.1868404718541834,0.36666666666666664
ESRP2,0.2599999999999999,3,"{'0': 847, '1': 520, '-1': 306}","{'1': 13, '-1': 10, '0': 7}","(0, 1)","{0: 7, 1: 13}",4.3179331070523475,1.033294440098424,0.43333333333333335
MTAP,0.2299999999999999,3,"{'1': 1087, '-1': 380, '0': 206}","{'1': 18, '-1': 7, '0': 5}","(0, 1)","{0: 5, 1: 18}",4.316664106085641,2.1029463017135663,0.6
MTAP,0.2399999999999999,3,"{'1': 1096, '-1': 370, '0': 207}","{'1': 18, '-1': 7, '0': 5}","(0, 1)","{0: 5, 1: 18}",4.315588410360113,1.9719856238304032,0.6
GRHL2,0.3099999999999999,3,"{'0': 1064, '1': 423, '-1': 186}","{'1': 14, '0': 12, '-1': 4}","(0, 1)","{0: 12, 1: 14}",4.3150602488213305,1.289784459283641,0.4666666666666667
MTAP,0.1799999999999999,4,"{'0': 883, '-1': 572, '1': 188, '2': 30}","{'0': 14, '-1': 10, '1': 5, '2': 1}","(0, 1)","{0: 14, 1: 5}",4.314207064944329,2.617095121661965,0.4666666666666667
GRHL2,0.2799999999999999,3,"{'0': 1056, '1': 393, '-1': 224}","{'1': 12, '0': 11, '-1': 7}","(0, 1)","{0: 11, 1: 12}",4.314158184461967,1.5091846538343965,0.4
MTAP,0.2699999999999999,3,"{'1': 1150, '-1': 295, '0': 228}","{'1': 20, '0': 6, '-1': 4}","(0, 1)","{0: 6, 1: 20}",4.313414388771193,1.7613320389507217,0.6666666666666666
GRHL2,0.2599999999999999,3,"{'0': 1050, '1': 380, '-1': 243}","{'1': 12, '0': 11, '-1': 7}","(0, 1)","{0: 11, 1: 12}",4.312236676022674,1.6003925412907625,0.4
GRHL2,0.2999999999999999,3,"{'0': 1061, '1': 413, '-1': 199}","{'1': 13, '0': 11, '-1': 6}","(0, 1)","{0: 11, 1: 13}",4.3120471295432505,1.3269374577011073,0.43333333333333335
GRHL2,0.2199999999999999,3,"{'0': 1022, '-1': 331, '1': 320}","{'0': 11, '1': 10, '-1': 9}","(0, 1)","{0: 11, 1: 10}",4.311850570897161,2.1868404718541834,0.36666666666666664
MTAP,0.2799999999999999,3,"{'1': 1158, '-1': 286, '0': 229}","{'1': 20, '0': 6, '-1': 4}","(0, 1)","{0: 6, 1: 20}",4.310617655925579,1.7448707922515525,0.6666666666666666
GRHL2,0.2399999999999999,3,"{'0': 1043, '1': 339, '-1': 291}","{'0': 11, '1': 10, '-1': 9}","(0, 1)","{0: 11, 1: 10}",4.30934208095154,2.1160970649228714,0.36666666666666664
GRHL2,0.3199999999999999,3,"{'0': 1069, '1': 425, '-1': 179}","{'1': 14, '0': 12, '-1': 4}","(0, 1)","{0: 12, 1: 14}",4.305377052239162,1.1117103874970162,0.4666666666666667
MTAP,0.2899999999999999,3,"{'1': 1176, '-1': 268, '0': 229}","{'1': 20, '0': 6, '-1': 4}","(0, 1)","{0: 6, 1: 20}",4.304106209791739,1.6111464325248113,0.6666666666666666
GSDME,0.2099999999999999,4,"{'0': 682, '-1': 659, '1': 256, '2': 76}","{'-1': 13, '0': 10, '1': 6, '2': 1}","(0, 1)","{0: 10, 1: 6}",4.3015823603268375,1.3798480708165437,0.3333333333333333
PKP1,0.3699999999999999,4,"{'0': 1429, '-1': 184, '1': 35, '2': 25}","{'0': 18, '-1': 8, '1': 3, '2': 1}","(0, 1)","{0: 18, 1: 3}",4.301058695700467,1.4812104723691717,0.6
MTAP,0.3099999999999999,3,"{'1': 1197, '0': 243, '-1': 233}","{'1': 20, '0': 6, '-1': 4}","(0, 1)","{0: 6, 1: 20}",4.299413075726157,1.5663468225538093,0.6666666666666666
MTAP,0.3299999999999999,3,"{'1': 1214, '0': 249, '-1': 210}","{'1': 21, '0': 7, '-1': 2}","(0, 1)","{0: 7, 1: 21}",4.296955096067919,1.4922053598013036,0.7
MTAP,0.3499999999999998,3,"{'1': 1223, '0': 259, '-1': 191}","{'1': 21, '0': 7, '-1': 2}","(0, 1)","{0: 7, 1: 21}",4.29598973729614,1.3141924461077572,0.7
MTAP,0.3399999999999998,3,"{'1': 1218, '0': 257, '-1': 198}","{'1': 21, '0': 7, '-1': 2}","(0, 1)","{0: 7, 1: 21}",4.295546842530223,1.4531055401123631,0.7
GRHL2,0.2499999999999999,3,"{'0': 1048, '1': 353, '-1': 272}","{'1': 11, '0': 11, '-1': 8}","(0, 1)","{0: 11, 1: 11}",4.295432270421883,1.8652032219612895,0.36666666666666664
MTAP,0.3199999999999999,3,"{'1': 1203, '0': 247, '-1': 223}","{'1': 20, '0': 7, '-1': 3}","(0, 1)","{0: 7, 1: 20}",4.295398681421309,1.4922053598013036,0.6666666666666666
MTAP,0.2999999999999999,3,"{'1': 1190, '0': 242, '-1': 241}","{'1': 20, '0': 6, '-1': 4}","(0, 1)","{0: 6, 1: 20}",4.294579411743758,1.5663468225538093,0.6666666666666666
GRHL2,0.2699999999999999,3,"{'0': 1050, '1': 385, '-1': 238}","{'1': 12, '0': 11, '-1': 7}","(0, 1)","{0: 11, 1: 12}",4.294315018161877,1.5805234355546591,0.4
ICAM1,0.1899999999999999,4,"{'-1': 919, '0': 464, '1': 259, '2': 31}","{'-1': 12, '0': 12, '1': 4, '2': 2}","(0, 1)","{0: 12, 1: 4}",4.277879984681743,1.1705163910963772,0.4
GPX7,0.2299999999999999,6,"{'0': 746, '-1': 622, '3': 129, '2': 74, '4': 58, '1': 44}","{'0': 12, '-1': 10, '3': 4, '2': 3, '4': 1}","(0, 2)","{0: 12, 2: 3}",4.272073865019893,2.4830828867019425,0.4
FCGRT,0.1799999999999999,5,"{'-1': 1037, '0': 483, '1': 65, '3': 52, '2': 36}","{'-1': 19, '0': 6, '1': 3, '2': 1, '3': 1}","(0, 1)","{0: 6, 1: 3}",4.270942545422591,2.1335236728373896,0.2
PTPN6,0.1599999999999999,3,"{'-1': 821, '1': 470, '0': 382}","{'1': 14, '-1': 12, '0': 4}","(0, 1)","{0: 4, 1: 14}",4.266180474956717,2.328982852421313,0.4666666666666667
PRTFDC1,0.1899999999999999,3,"{'-1': 794, '1': 488, '0': 391}","{'-1': 12, '0': 10, '1': 8}","(0, 1)","{0: 10, 1: 8}",4.263179126766492,2.082687282302267,0.3333333333333333
FCGRT,0.1999999999999999,4,"{'-1': 820, '1': 689, '0': 134, '2': 30}","{'-1': 16, '1': 9, '0': 4, '2': 1}","(0, 1)","{0: 4, 1: 9}",4.253820768887114,1.432153657441764,0.3
PRTFDC1,0.1799999999999999,3,"{'-1': 870, '1': 439, '0': 364}","{'-1': 13, '0': 9, '1': 8}","(0, 1)","{0: 9, 1: 8}",4.248144277865104,2.2479275134435857,0.3
GSDME,0.2199999999999999,4,"{'0': 719, '-1': 597, '1': 271, '2': 86}","{'-1': 12, '0': 10, '1': 7, '2': 1}","(0, 1)","{0: 10, 1: 7}",4.247022690360962,1.1023617176296778,0.3333333333333333
FCGRT,0.2099999999999999,4,"{'1': 751, '-1': 717, '0': 140, '2': 65}","{'-1': 13, '1': 10, '0': 4, '2': 3}","(0, 1)","{0: 4, 1: 10}",4.244993351361497,1.0506260730699677,0.3333333333333333
PTPN6,0.1699999999999999,3,"{'-1': 761, '1': 510, '0': 402}","{'1': 14, '-1': 12, '0': 4}","(0, 1)","{0: 4, 1: 14}",4.243943845267668,2.130808871175927,0.4666666666666667
PTPN6,0.1499999999999999,3,"{'-1': 882, '1': 416, '0': 375}","{'-1': 16, '1': 10, '0': 4}","(0, 1)","{0: 4, 1: 10}",4.2412249244342926,2.429464569914124,0.3333333333333333
PTPN6,0.1399999999999999,3,"{'-1': 972, '0': 360, '1': 341}","{'-1': 19, '0': 7, '1': 4}","(0, 1)","{0: 7, 1: 4}",4.240575321364339,2.6064296939111578,0.23333333333333334
GPX7,0.2199999999999999,7,"{'0': 740, '-1': 715, '4': 64, '2': 57, '3': 40, '1': 39, '5': 18}","{'0': 12, '-1': 11, '4': 3, '3': 3, '2': 1}","(0, 4)","{0: 12, 4: 3}",4.231555794865914,2.4830828867019425,0.4
PTPN6,0.13,3,"{'-1': 1068, '1': 307, '0': 298}","{'-1': 23, '1': 4, '0': 3}","(0, 1)","{0: 3, 1: 4}",4.2310216318787175,2.795859283219775,0.13333333333333333
ADGRG6,0.1799999999999999,3,"{'-1': 883, '1': 423, '0': 367}","{'-1': 17, '1': 10, '0': 3}","(0, 1)","{0: 3, 1: 10}",4.223350548567645,1.710712354504743,0.3333333333333333
PTPN6,0.1799999999999999,3,"{'-1': 684, '0': 555, '1': 434}","{'0': 15, '-1': 10, '1': 5}","(0, 1)","{0: 15, 1: 5}",4.220376150977259,2.0063415268738267,0.5
PYCARD,0.1799999999999999,4,"{'-1': 968, '0': 381, '1': 306, '2': 18}","{'-1': 17, '0': 7, '1': 5, '2': 1}","(0, 1)","{0: 7, 1: 5}",4.219910999793066,2.168367856077018,0.23333333333333334
PYCARD,0.1899999999999999,4,"{'-1': 931, '0': 388, '1': 337, '2': 17}","{'-1': 17, '0': 7, '1': 5, '2': 1}","(0, 1)","{0: 7, 1: 5}",4.217490684008275,1.88000022388937,0.23333333333333334
MACROH2A2,0.1599999999999999,5,"{'-1': 1045, '0': 349, '1': 229, '2': 25, '3': 25}","{'-1': 22, '1': 4, '0': 4}","(0, 1)","{0: 4, 1: 4}",4.213308855393448,2.568398655846708,0.13333333333333333
CPVL,0.1899999999999999,4,"{'-1': 738, '1': 641, '0': 248, '2': 46}","{'1': 13, '-1': 12, '0': 4, '2': 1}","(0, 1)","{0: 4, 1: 13}",4.208330826564863,1.4214019152349453,0.43333333333333335
PYCARD,0.1999999999999999,4,"{'-1': 828, '0': 415, '1': 400, '2': 30}","{'-1': 16, '0': 9, '1': 5}","(0, 1)","{0: 9, 1: 5}",4.204898586877724,1.7809902180582045,0.3
ICAM1,0.1999999999999999,5,"{'-1': 828, '0': 512, '1': 277, '2': 33, '3': 23}","{'-1': 12, '0': 12, '1': 4, '2': 2}","(0, 1)","{0: 12, 1: 4}",4.199983696186671,1.0715940837366815,0.4
PRTFDC1,0.1999999999999999,4,"{'-1': 699, '1': 554, '0': 397, '2': 23}","{'-1': 11, '0': 10, '1': 9}","(0, 1)","{0: 10, 1: 9}",4.197962265874782,1.7792313211432162,0.3333333333333333
FCGRT,0.2199999999999999,4,"{'1': 810, '-1': 644, '0': 149, '2': 70}","{'1': 12, '-1': 11, '0': 4, '2': 3}","(0, 1)","{0: 4, 1: 12}",4.195891034096223,1.0166787411466305,0.4
PTPN6,0.1899999999999999,3,"{'-1': 643, '0': 581, '1': 449}","{'0': 15, '-1': 10, '1': 5}","(0, 1)","{0: 15, 1: 5}",4.195035490932582,1.8738912308501776,0.5
FCGRT,0.1899999999999999,5,"{'-1': 912, '1': 578, '0': 129, '3': 29, '2': 25}","{'-1': 17, '1': 8, '0': 4, '2': 1}","(0, 1)","{0: 4, 1: 8}",4.191922308898677,1.6737717676790125,0.26666666666666666
PKP2,0.1499999999999999,3,"{'-1': 1154, '0': 420, '1': 99}","{'-1': 21, '0': 5, '1': 4}","(0, 1)","{0: 5, 1: 4}",4.187384582899796,3.235888263820671,0.16666666666666666
GRHL2,0.2099999999999999,4,"{'0': 1014, '-1': 373, '1': 247, '2': 39}","{'0': 11, '-1': 10, '2': 6, '1': 3}","(0, 1)","{0: 11, 1: 3}",4.178951201082843,2.1868404718541834,0.36666666666666664
PKP2,0.1599999999999999,4,"{'-1': 1053, '0': 434, '1': 114, '2': 72}","{'-1': 20, '0': 5, '1': 4, '2': 1}","(0, 1)","{0: 5, 1: 4}",4.177697341801816,3.143965774379632,0.16666666666666666
PRTFDC1,0.2099999999999999,4,"{'-1': 647, '1': 591, '0': 411, '2': 24}","{'0': 11, '1': 10, '-1': 9}","(0, 1)","{0: 11, 1: 10}",4.17347408749549,1.6114347120823471,0.36666666666666664
ADGRG6,0.1899999999999999,3,"{'-1': 796, '1': 491, '0': 386}","{'-1': 17, '1': 10, '0': 3}","(0, 1)","{0: 3, 1: 10}",4.1734134393715285,1.3130681179671335,0.3333333333333333
PTPN6,0.1999999999999999,3,"{'0': 622, '-1': 591, '1': 460}","{'0': 15, '-1': 10, '1': 5}","(0, 1)","{0: 15, 1: 5}",4.151724062399942,1.667089267434718,0.5
PTPN6,0.2099999999999999,3,"{'0': 633, '-1': 573, '1': 467}","{'0': 16, '-1': 9, '1': 5}","(0, 1)","{0: 16, 1: 5}",4.140300916348823,1.4964937128588425,0.5333333333333333
MACROH2A2,0.1699999999999999,3,"{'-1': 911, '0': 403, '1': 359}","{'-1': 18, '1': 7, '0': 5}","(0, 1)","{0: 5, 1: 7}",4.137109747558386,1.972577304534628,0.23333333333333334
TGFB2,0.1999999999999999,5,"{'-1': 747, '0': 610, '1': 260, '3': 29, '2': 27}","{'-1': 18, '1': 6, '0': 5, '3': 1}","(0, 1)","{0: 5, 1: 6}",4.121479692678093,1.2579675262417762,0.2
PTPN6,0.2199999999999999,3,"{'0': 643, '-1': 556, '1': 474}","{'0': 16, '-1': 9, '1': 5}","(0, 1)","{0: 16, 1: 5}",4.117407241954692,1.3229846273702384,0.5333333333333333
APOL1,0.1799999999999999,5,"{'-1': 1013, '1': 279, '2': 246, '0': 94, '3': 41}","{'-1': 15, '1': 6, '0': 4, '2': 4, '3': 1}","(0, 1)","{0: 4, 1: 6}",4.111847910372083,2.132028393683784,0.2
CD40,0.1999999999999999,5,"{'-1': 712, '0': 650, '1': 243, '2': 36, '3': 32}","{'0': 19, '-1': 8, '1': 3}","(0, 1)","{0: 19, 1: 3}",4.104798004448082,1.5585648106565488,0.6333333333333333
PTPN6,0.2299999999999999,3,"{'0': 673, '-1': 520, '1': 480}","{'0': 16, '-1': 9, '1': 5}","(0, 1)","{0: 16, 1: 5}",4.092591151666416,1.2669213279179536,0.5333333333333333
PTPN6,0.2399999999999999,3,"{'0': 700, '-1': 490, '1': 483}","{'0': 17, '-1': 8, '1': 5}","(0, 1)","{0: 17, 1: 5}",4.08725641210869,1.1337243597267412,0.5666666666666667
SLC2A3,0.1899999999999999,4,"{'-1': 856, '1': 390, '0': 382, '2': 45}","{'1': 13, '-1': 12, '0': 4, '2': 1}","(0, 1)","{0: 4, 1: 13}",4.07149675456146,1.0389356625469433,0.43333333333333335
MACROH2A2,0.1799999999999999,4,"{'-1': 788, '0': 431, '1': 429, '2': 25}","{'-1': 17, '1': 8, '0': 5}","(0, 1)","{0: 5, 1: 8}",4.070908152453823,1.71034384198696,0.26666666666666666
ICA1,0.1799999999999999,5,"{'-1': 939, '1': 384, '0': 209, '3': 75, '2': 66}","{'-1': 21, '1': 4, '0': 4, '2': 1}","(0, 1)","{0: 4, 1: 4}",4.051148633130771,1.9887852125040737,0.13333333333333333
NMU,0.1899999999999999,3,"{'-1': 837, '0': 622, '1': 214}","{'-1': 21, '1': 6, '0': 3}","(0, 1)","{0: 3, 1: 6}",4.051029349592928,1.3961166373816154,0.2
CD40,0.2099999999999999,5,"{'0': 670, '-1': 632, '1': 306, '2': 43, '3': 22}","{'0': 19, '-1': 7, '1': 3, '2': 1}","(0, 1)","{0: 19, 1: 3}",4.050838709981105,1.238593546570495,0.6333333333333333
SLC17A9,0.2499999999999999,3,"{'0': 876, '-1': 482, '1': 315}","{'0': 19, '-1': 8, '1': 3}","(0, 1)","{0: 19, 1: 3}",4.048111089055815,1.121213586969081,0.6333333333333333
CD40,0.2199999999999999,5,"{'0': 698, '-1': 580, '1': 329, '2': 49, '3': 17}","{'0': 20, '-1': 6, '1': 4}","(0, 1)","{0: 20, 1: 4}",4.025153176905702,1.0258091863496053,0.6666666666666666
ADGRG6,0.1999999999999999,5,"{'-1': 651, '0': 545, '1': 437, '2': 21, '3': 19}","{'-1': 15, '0': 11, '1': 3, '3': 1}","(0, 1)","{0: 11, 1: 3}",4.01990779599528,1.1501617466208822,0.36666666666666664
MACROH2A2,0.1899999999999999,3,"{'-1': 701, '1': 506, '0': 466}","{'-1': 13, '1': 11, '0': 6}","(0, 1)","{0: 6, 1: 11}",3.999287615687349,1.3080336532289822,0.36666666666666664
GRB10,0.1999999999999999,3,"{'0': 767, '-1': 708, '1': 198}","{'-1': 14, '0': 13, '1': 3}","(0, 1)","{0: 13, 1: 3}",3.980545882279909,1.2287006738046713,0.43333333333333335
MRC2,0.1899999999999999,4,"{'-1': 843, '0': 405, '1': 340, '2': 85}","{'-1': 18, '1': 7, '0': 4, '2': 1}","(0, 1)","{0: 4, 1: 7}",3.9767667463539182,1.1996376650839349,0.23333333333333334
VSIR,0.1799999999999999,5,"{'-1': 959, '1': 397, '0': 236, '3': 43, '2': 38}","{'-1': 15, '1': 8, '0': 4, '3': 3}","(0, 1)","{0: 4, 1: 8}",3.9399849623919048,1.658832397347516,0.26666666666666666
GRB10,0.2099999999999999,4,"{'0': 836, '-1': 611, '1': 207, '2': 19}","{'0': 14, '-1': 12, '1': 3, '2': 1}","(0, 1)","{0: 14, 1: 3}",3.9346327142622055,1.1851114052569884,0.4666666666666667
ARHGEF5,0.1499999999999999,3,"{'-1': 995, '0': 364, '1': 314}","{'-1': 20, '0': 6, '1': 4}","(0, 1)","{0: 6, 1: 4}",3.921045916689588,2.4052031391742683,0.2
SLC2A3,0.1799999999999999,5,"{'-1': 934, '0': 370, '1': 292, '2': 46, '3': 31}","{'0': 13, '-1': 12, '1': 4, '3': 1}","(0, 1)","{0: 13, 1: 4}",3.9187555057161303,1.3367250968154425,0.43333333333333335
ARHGEF5,0.1799999999999999,3,"{'-1': 773, '1': 469, '0': 431}","{'-1': 15, '1': 9, '0': 6}","(0, 1)","{0: 6, 1: 9}",3.9136802235846058,2.0182622063927287,0.3
KITLG,0.1599999999999999,7,"{'-1': 1026, '3': 232, '1': 215, '2': 103, '0': 48, '5': 37, '4': 12}","{'-1': 16, '3': 8, '1': 3, '2': 3}","(1, 3)","{1: 3, 3: 8}",3.898009064713289,2.1753670865105605,0.26666666666666666
ARHGEF5,0.1599999999999999,3,"{'-1': 933, '0': 376, '1': 364}","{'-1': 19, '0': 6, '1': 5}","(0, 1)","{0: 6, 1: 5}",3.897887124730536,2.276190415891297,0.2
GNA15,0.2499999999999999,3,"{'0': 1007, '-1': 391, '1': 275}","{'0': 16, '-1': 9, '1': 5}","(0, 1)","{0: 16, 1: 5}",3.896859443751936,1.458270495805294,0.5333333333333333
GRB10,0.2199999999999999,3,"{'0': 887, '-1': 572, '1': 214}","{'0': 17, '-1': 10, '1': 3}","(0, 1)","{0: 17, 1: 3}",3.893925858899722,1.0370469867553205,0.5666666666666667
ARHGEF5,0.1699999999999999,4,"{'-1': 832, '1': 427, '0': 396, '2': 18}","{'-1': 17, '1': 7, '0': 6}","(0, 1)","{0: 6, 1: 7}",3.892121292037865,2.036758550010118,0.23333333333333334
GNB4,0.1799999999999999,3,"{'-1': 901, '0': 522, '1': 250}","{'-1': 16, '0': 11, '1': 3}","(0, 1)","{0: 11, 1: 3}",3.883904141800935,1.928741316830178,0.36666666666666664
ARHGEF5,0.1899999999999999,4,"{'-1': 694, '1': 513, '0': 438, '2': 28}","{'-1': 12, '1': 11, '0': 6, '2': 1}","(0, 1)","{0: 6, 1: 11}",3.870088918603654,1.7921951148865984,0.36666666666666664
GNA15,0.2399999999999999,3,"{'0': 1000, '-1': 425, '1': 248}","{'0': 15, '-1': 10, '1': 5}","(0, 1)","{0: 15, 1: 5}",3.8672927046896226,1.5573502695132964,0.5
GNB4,0.1899999999999999,3,"{'-1': 812, '0': 608, '1': 253}","{'-1': 16, '0': 11, '1': 3}","(0, 1)","{0: 11, 1: 3}",3.863883328391057,1.6883556499415842,0.36666666666666664
ARHGEF5,0.1999999999999999,4,"{'-1': 642, '1': 531, '0': 442, '2': 58}","{'1': 13, '-1': 10, '0': 6, '2': 1}","(0, 1)","{0: 6, 1: 13}",3.8622874299576417,1.7768743156028424,0.43333333333333335
INPP4B,0.1799999999999999,4,"{'-1': 1073, '1': 260, '2': 253, '0': 87}","{'-1': 18, '1': 5, '0': 4, '2': 3}","(0, 2)","{0: 4, 2: 3}",3.855730694780852,2.7932044337145703,0.13333333333333333
INPP4B,0.1699999999999999,5,"{'-1': 1147, '1': 244, '2': 189, '0': 75, '3': 18}","{'-1': 22, '0': 4, '1': 3, '2': 1}","(0, 1)","{0: 4, 1: 3}",3.855565854428185,2.8489922119003177,0.13333333333333333
GNB4,0.1999999999999999,3,"{'-1': 728, '0': 684, '1': 261}","{'0': 14, '-1': 13, '1': 3}","(0, 1)","{0: 14, 1: 3}",3.8518380534501673,1.6371303265864112,0.4666666666666667
MDFI,0.1799999999999999,3,"{'-1': 777, '0': 689, '1': 207}","{'-1': 13, '0': 10, '1': 7}","(0, 1)","{0: 10, 1: 7}",3.8473545719966977,1.885471611973613,0.3333333333333333
FERMT1,0.1899999999999999,7,"{'-1': 800, '0': 469, '1': 255, '2': 49, '3': 44, '4': 33, '5': 23}","{'-1': 17, '0': 5, '1': 4, '2': 3, '3': 1}","(0, 1)","{0: 5, 1: 4}",3.843150296756862,1.506959988719883,0.16666666666666666
PYCARD,0.1699999999999999,4,"{'-1': 1047, '1': 370, '2': 134, '0': 122}","{'-1': 19, '1': 7, '0': 3, '2': 1}","(0, 1)","{0: 3, 1: 7}",3.84108698040434,2.168367856077018,0.23333333333333334
FGFR2,0.1999999999999999,6,"{'0': 778, '-1': 673, '1': 78, '3': 59, '2': 55, '4': 30}","{'-1': 15, '0': 10, '1': 3, '3': 2}","(0, 1)","{0: 10, 1: 3}",3.833519594015839,1.9312872499159857,0.3333333333333333
FGFR2,0.1899999999999999,5,"{'0': 766, '-1': 750, '1': 66, '3': 57, '2': 34}","{'-1': 15, '0': 10, '1': 3, '3': 2}","(0, 1)","{0: 10, 1: 3}",3.8172438659755112,2.162271428898877,0.3333333333333333
VSIR,0.1899999999999999,4,"{'-1': 849, '1': 469, '0': 305, '2': 50}","{'-1': 15, '1': 10, '0': 4, '2': 1}","(0, 1)","{0: 4, 1: 10}",3.815371546152486,1.1271119179033389,0.3333333333333333
MDFI,0.1899999999999999,3,"{'0': 699, '-1': 686, '1': 288}","{'-1': 12, '0': 10, '1': 8}","(0, 1)","{0: 10, 1: 8}",3.811987235732676,1.605523823203473,0.3333333333333333
GNA15,0.2299999999999999,3,"{'0': 991, '-1': 477, '1': 205}","{'0': 14, '-1': 13, '1': 3}","(0, 1)","{0: 14, 1: 3}",3.8025750056884178,1.8311688609505936,0.4666666666666667
GNB4,0.2099999999999999,3,"{'0': 763, '-1': 640, '1': 270}","{'0': 15, '-1': 12, '1': 3}","(0, 1)","{0: 15, 1: 3}",3.7963512666927985,1.401250547548768,0.5
PKP2,0.1699999999999999,4,"{'-1': 972, '0': 450, '1': 233, '2': 18}","{'-1': 19, '1': 6, '0': 5}","(0, 1)","{0: 5, 1: 6}",3.7914927937220417,2.0469044645905696,0.2
TMEM98,0.1799999999999999,6,"{'-1': 839, '1': 377, '0': 226, '3': 133, '2': 74, '4': 24}","{'1': 14, '-1': 11, '3': 3, '2': 1, '0': 1}","(1, 3)","{1: 14, 3: 3}",3.79056699306803,2.16533773194666,0.4666666666666667
GNA15,0.2199999999999999,3,"{'0': 976, '-1': 532, '1': 165}","{'0': 14, '-1': 13, '1': 3}","(0, 1)","{0: 14, 1: 3}",3.780469042463944,2.063325935368829,0.4666666666666667
MDFI,0.1999999999999999,3,"{'0': 715, '-1': 614, '1': 344}","{'-1': 10, '0': 10, '1': 10}","(0, 1)","{0: 10, 1: 10}",3.779371859975773,1.3472998845956738,0.3333333333333333
PTPRU,0.1999999999999999,6,"{'-1': 835, '0': 481, '1': 155, '2': 139, '3': 38, '4': 25}","{'-1': 13, '0': 11, '1': 3, '2': 1, '4': 1, '3': 1}","(0, 1)","{0: 11, 1: 3}",3.7552455517377976,1.6809315592518783,0.36666666666666664
GNB4,0.2199999999999999,3,"{'0': 817, '-1': 585, '1': 271}","{'0': 15, '-1': 12, '1': 3}","(0, 1)","{0: 15, 1: 3}",3.749373198838635,1.257797757467647,0.5
MDFI,0.2099999999999999,3,"{'0': 723, '-1': 579, '1': 371}","{'0': 11, '1': 10, '-1': 9}","(0, 1)","{0: 11, 1: 10}",3.734822000048739,1.1279527309669966,0.36666666666666664
LXN,0.1799999999999999,3,"{'-1': 831, '1': 524, '0': 318}","{'-1': 17, '1': 9, '0': 4}","(0, 1)","{0: 4, 1: 9}",3.734612770652393,1.5877236403982131,0.3
GNB4,0.2299999999999999,3,"{'0': 843, '-1': 555, '1': 275}","{'0': 15, '-1': 12, '1': 3}","(0, 1)","{0: 15, 1: 3}",3.734131521575239,1.0076535725434357,0.5
GNB4,0.1699999999999999,4,"{'-1': 1047, '0': 320, '1': 242, '2': 64}","{'-1': 21, '0': 6, '1': 3}","(0, 1)","{0: 6, 1: 3}",3.729609193297873,2.3293551127874315,0.2
BIRC3,0.1799999999999999,7,"{'-1': 973, '0': 377, '1': 111, '3': 84, '5': 52, '2': 41, '4': 35}","{'-1': 18, '1': 5, '0': 3, '4': 2, '5': 1, '3': 1}","(0, 1)","{0: 3, 1: 5}",3.71650110416728,1.6513049955498529,0.16666666666666666
PRKCZ,0.1999999999999999,4,"{'-1': 863, '0': 718, '2': 46, '1': 46}","{'0': 15, '-1': 12, '1': 3}","(0, 1)","{0: 15, 1: 3}",3.7018978502939,1.8452304722635744,0.5
NMU,0.1799999999999999,5,"{'-1': 910, '0': 580, '2': 125, '1': 42, '3': 16}","{'-1': 22, '2': 4, '0': 3, '1': 1}","(0, 2)","{0: 3, 2: 4}",3.6684275583009502,1.4861205973403269,0.13333333333333333
PKP2,0.1999999999999999,4,"{'-1': 716, '0': 483, '1': 432, '2': 42}","{'-1': 14, '1': 9, '0': 6, '2': 1}","(0, 1)","{0: 6, 1: 9}",3.66408394703152,1.2918708610311829,0.3
PKP2,0.1899999999999999,4,"{'-1': 779, '0': 477, '1': 377, '2': 40}","{'-1': 15, '1': 8, '0': 6, '2': 1}","(0, 1)","{0: 6, 1: 8}",3.663451772182053,1.406424368974136,0.26666666666666666
APOL1,0.1699999999999999,6,"{'-1': 1181, '0': 254, '1': 148, '2': 45, '4': 26, '3': 19}","{'-1': 19, '0': 5, '1': 4, '2': 2}","(0, 1)","{0: 5, 1: 4}",3.6624473476173582,1.8021497629263432,0.16666666666666666
VSIR,0.1699999999999999,4,"{'-1': 1109, '0': 220, '2': 185, '1': 159}","{'-1': 19, '2': 6, '0': 3, '1': 2}","(0, 2)","{0: 3, 2: 6}",3.658718722586209,1.729103476393236,0.2
PRKCZ,0.2099999999999999,5,"{'-1': 789, '0': 745, '2': 58, '1': 51, '3': 30}","{'0': 15, '-1': 12, '1': 3}","(0, 1)","{0: 15, 1: 3}",3.6545828703618706,1.6734991753228137,0.5
GSTO2,0.1899999999999999,4,"{'-1': 749, '0': 684, '1': 209, '2': 31}","{'-1': 18, '0': 8, '1': 4}","(0, 1)","{0: 8, 1: 4}",3.65423670134878,1.6303779590859515,0.26666666666666666
PRKCZ,0.2299999999999999,5,"{'0': 825, '-1': 620, '1': 164, '2': 43, '3': 21}","{'0': 17, '-1': 10, '1': 3}","(0, 1)","{0: 17, 1: 3}",3.650456026566154,1.2815138264414545,0.5666666666666667
PKP2,0.1799999999999999,4,"{'-1': 878, '0': 463, '1': 302, '2': 30}","{'-1': 17, '1': 7, '0': 6}","(0, 1)","{0: 6, 1: 7}",3.649097614915547,1.7858751946471525,0.23333333333333334
PPP2R2C,0.2299999999999999,4,"{'0': 932, '-1': 535, '2': 143, '1': 63}","{'-1': 15, '0': 12, '2': 3}","(0, 2)","{0: 12, 2: 3}",3.645186337623988,1.2085402261901534,0.4
PRKCZ,0.2199999999999999,5,"{'0': 796, '-1': 708, '1': 66, '2': 62, '3': 41}","{'0': 17, '-1': 10, '1': 3}","(0, 1)","{0: 17, 1: 3}",3.635564915571755,1.4656635723488118,0.5666666666666667
LXN,0.1899999999999999,3,"{'-1': 769, '1': 527, '0': 377}","{'-1': 16, '1': 9, '0': 5}","(0, 1)","{0: 5, 1: 9}",3.629512155161234,1.3740401274066527,0.3
LXN,0.1999999999999999,4,"{'-1': 705, '1': 535, '0': 416, '2': 17}","{'-1': 14, '1': 9, '0': 6, '2': 1}","(0, 1)","{0: 6, 1: 9}",3.6127165658131366,1.338047760250639,0.3
KYNU,0.1999999999999999,4,"{'0': 793, '-1': 760, '1': 70, '2': 50}","{'0': 15, '-1': 12, '2': 3}","(0, 2)","{0: 15, 2: 3}",3.6066529267429743,1.422233000683048,0.5
TMEM98,0.1899999999999999,5,"{'-1': 708, '2': 411, '1': 310, '3': 154, '0': 90}","{'2': 16, '-1': 8, '3': 4, '0': 1, '1': 1}","(2, 3)","{2: 16, 3: 4}",3.6031433547676466,1.8469776941911973,0.5333333333333333
AREG,0.1899999999999999,6,"{'0': 753, '-1': 746, '1': 85, '2': 31, '3': 30, '4': 28}","{'-1': 17, '0': 9, '1': 3, '3': 1}","(0, 1)","{0: 9, 1: 3}",3.58928331493487,1.0219489728336448,0.3
GSTO2,0.1999999999999999,5,"{'0': 708, '-1': 642, '1': 273, '2': 28, '3': 22}","{'-1': 14, '0': 8, '1': 5, '3': 2, '2': 1}","(0, 1)","{0: 8, 1: 5}",3.588290197389059,1.539102806952791,0.26666666666666666
ALDOC,0.1799999999999999,5,"{'-1': 1168, '0': 329, '1': 96, '3': 53, '2': 27}","{'-1': 18, '0': 5, '1': 4, '3': 3}","(0, 1)","{0: 5, 1: 4}",3.581932143186214,1.6336363474568465,0.16666666666666666
SFRP1,0.2299999999999999,5,"{'0': 1000, '-1': 556, '1': 52, '2': 44, '3': 21}","{'-1': 15, '0': 10, '2': 3, '1': 1, '3': 1}","(0, 2)","{0: 10, 2: 3}",3.5593974149457335,1.038994131615864,0.3333333333333333
GSTO2,0.2099999999999999,3,"{'0': 769, '-1': 578, '1': 326}","{'1': 11, '-1': 10, '0': 9}","(0, 1)","{0: 9, 1: 11}",3.5549621560800952,1.3655059134289669,0.36666666666666664
MAP1LC3A,0.1899999999999999,5,"{'-1': 743, '0': 498, '1': 372, '2': 30, '3': 30}","{'-1': 15, '0': 7, '1': 6, '2': 2}","(0, 1)","{0: 7, 1: 6}",3.551731358801699,1.5010612431122112,0.23333333333333334
ENG,0.1799999999999999,5,"{'-1': 957, '0': 474, '2': 144, '1': 56, '3': 42}","{'-1': 19, '2': 5, '0': 5, '1': 1}","(0, 2)","{0: 5, 2: 5}",3.544181112177955,1.3773048519237356,0.16666666666666666
DAPP1,0.2599999999999999,6,"{'0': 947, '-1': 398, '1': 229, '2': 55, '3': 30, '4': 14}","{'0': 17, '1': 7, '-1': 3, '2': 2, '4': 1}","(0, 1)","{0: 17, 1: 7}",3.5254640711512173,1.0517614276897416,0.5666666666666667
ALDOC,0.1899999999999999,8,"{'-1': 949, '0': 405, '1': 117, '4': 78, '3': 45, '6': 31, '2': 26, '5': 22}","{'-1': 12, '0': 7, '1': 5, '4': 3, '3': 2, '6': 1}","(0, 1)","{0: 7, 1: 5}",3.517490654728174,1.5116458230782357,0.23333333333333334
DAPP1,0.2399999999999999,5,"{'0': 891, '-1': 559, '1': 156, '2': 37, '3': 30}","{'0': 17, '-1': 6, '1': 6, '2': 1}","(0, 1)","{0: 17, 1: 6}",3.5137082603600573,1.4607557995846796,0.5666666666666667
WIPF1,0.1799999999999999,5,"{'-1': 933, '1': 350, '0': 339, '2': 35, '3': 16}","{'-1': 14, '1': 9, '0': 6, '3': 1}","(0, 1)","{0: 6, 1: 9}",3.513610083262426,1.293639050455939,0.3
DAPP1,0.2299999999999999,5,"{'0': 884, '-1': 593, '1': 134, '3': 32, '2': 30}","{'0': 17, '-1': 7, '1': 5, '2': 1}","(0, 1)","{0: 17, 1: 5}",3.498537946439569,1.6397700590698083,0.5666666666666667
DAPP1,0.2499999999999999,5,"{'0': 935, '-1': 478, '1': 184, '2': 46, '3': 30}","{'0': 17, '1': 7, '-1': 5, '2': 1}","(0, 1)","{0: 17, 1: 7}",3.4784464907088393,1.3088192158342624,0.5666666666666667
PRSS16,0.1699999999999999,5,"{'-1': 1006, '0': 335, '1': 215, '2': 86, '3': 31}","{'-1': 20, '0': 3, '1': 3, '3': 2, '2': 2}","(0, 1)","{0: 3, 1: 3}",3.4747833445945253,2.169925001442312,0.1
LXN,0.1699999999999999,6,"{'-1': 930, '1': 482, '0': 168, '2': 41, '4': 27, '3': 25}","{'-1': 20, '1': 7, '0': 3}","(0, 1)","{0: 3, 1: 7}",3.4548740603433834,1.9347696281839553,0.23333333333333334
LXN,0.1599999999999999,3,"{'-1': 1071, '1': 461, '0': 141}","{'-1': 20, '1': 7, '0': 3}","(0, 1)","{0: 3, 1: 7}",3.4473274255391004,2.09456300153298,0.23333333333333334
EPN3,0.2399999999999999,3,"{'0': 1045, '-1': 433, '1': 195}","{'-1': 14, '0': 13, '1': 3}","(0, 1)","{0: 13, 1: 3}",3.4455823516192785,1.036372389664962,0.43333333333333335
GCNT2,0.1799999999999999,6,"{'-1': 964, '1': 353, '3': 212, '0': 58, '2': 48, '4': 38}","{'-1': 21, '1': 4, '3': 3, '0': 2}","(1, 3)","{1: 4, 3: 3}",3.4279179957310006,2.1727677512111376,0.13333333333333333
EPN3,0.2299999999999999,4,"{'0': 1002, '-1': 466, '1': 172, '2': 33}","{'-1': 14, '0': 13, '1': 3}","(0, 1)","{0: 13, 1: 3}",3.425748138412772,1.131529622705302,0.43333333333333335
GCNT2,0.1699999999999999,5,"{'-1': 1092, '0': 336, '1': 168, '2': 47, '3': 30}","{'-1': 22, '0': 4, '1': 3, '2': 1}","(0, 1)","{0: 4, 1: 3}",3.4117369875166563,2.216095182875238,0.13333333333333333
ARSD,0.1899999999999999,3,"{'0': 744, '-1': 726, '1': 203}","{'0': 15, '-1': 12, '1': 3}","(0, 1)","{0: 15, 1: 3}",3.40368513932061,1.5342092002565215,0.5
GALNT18,0.1799999999999999,5,"{'-1': 1003, '0': 408, '1': 120, '2': 107, '3': 35}","{'-1': 16, '1': 5, '0': 4, '2': 4, '3': 1}","(0, 2)","{0: 4, 2: 4}",3.401181641686807,2.1011467234568997,0.13333333333333333
ARSD,0.1999999999999999,3,"{'0': 800, '-1': 640, '1': 233}","{'0': 15, '-1': 11, '1': 4}","(0, 1)","{0: 15, 1: 4}",3.3931147475616816,1.3028473533216574,0.5
APOL1,0.1799999999999999,5,"{'-1': 1013, '1': 279, '2': 246, '0': 94, '3': 41}","{'-1': 15, '1': 6, '0': 4, '2': 4, '3': 1}","(1, 2)","{1: 6, 2: 4}",3.385964497180267,1.0588936890535685,0.2
CERS4,0.1799999999999999,4,"{'-1': 1006, '0': 409, '1': 234, '2': 24}","{'-1': 19, '0': 6, '1': 5}","(0, 1)","{0: 6, 1: 5}",3.3825499049700407,1.529820946528695,0.2
CHST10,0.1799999999999999,3,"{'-1': 825, '0': 657, '1': 191}","{'0': 13, '-1': 13, '1': 4}","(0, 1)","{0: 13, 1: 4}",3.3789732909254693,1.7967856803474167,0.43333333333333335
CHST10,0.1599999999999999,4,"{'-1': 1001, '2': 453, '0': 188, '1': 31}","{'-1': 15, '2': 11, '0': 4}","(0, 2)","{0: 4, 2: 11}",3.369315006691345,2.2192424309127983,0.36666666666666664
CHST10,0.1699999999999999,3,"{'-1': 917, '0': 568, '1': 188}","{'-1': 14, '0': 12, '1': 4}","(0, 1)","{0: 12, 1: 4}",3.3650528738965924,2.0109711178210032,0.4
CHST10,0.1899999999999999,3,"{'-1': 750, '0': 724, '1': 199}","{'0': 13, '-1': 13, '1': 4}","(0, 1)","{0: 13, 1: 4}",3.3481958467024695,1.6800450465748316,0.43333333333333335
PRSS16,0.1799999999999999,5,"{'-1': 854, '0': 360, '1': 330, '2': 100, '3': 29}","{'-1': 15, '1': 8, '0': 4, '2': 2, '3': 1}","(0, 1)","{0: 4, 1: 8}",3.345485792589364,1.6578253740807127,0.26666666666666666
CHST10,0.1999999999999999,3,"{'0': 802, '-1': 662, '1': 209}","{'0': 15, '-1': 11, '1': 4}","(0, 1)","{0: 15, 1: 4}",3.3165238344396304,1.5954548745387986,0.5
CHST10,0.2099999999999999,3,"{'0': 831, '-1': 633, '1': 209}","{'0': 15, '-1': 11, '1': 4}","(0, 1)","{0: 15, 1: 4}",3.310456467591134,1.4603886303081377,0.5
WIPF1,0.1699999999999999,5,"{'-1': 1051, '1': 330, '0': 142, '2': 106, '3': 44}","{'-1': 15, '1': 9, '2': 4, '0': 2}","(1, 2)","{1: 9, 2: 4}",3.3051661136148778,2.013730715862108,0.3
CHST10,0.2199999999999999,3,"{'0': 887, '-1': 577, '1': 209}","{'0': 16, '-1': 10, '1': 4}","(0, 1)","{0: 16, 1: 4}",3.283204444887768,1.1827386871700756,0.5333333333333333
CHST10,0.2299999999999999,3,"{'0': 921, '-1': 541, '1': 211}","{'0': 16, '-1': 10, '1': 4}","(0, 1)","{0: 16, 1: 4}",3.264913606847291,1.1016402618758374,0.5333333333333333
ELMO3,0.2099999999999999,4,"{'0': 816, '-1': 636, '1': 203, '2': 18}","{'-1': 16, '0': 11, '1': 3}","(0, 1)","{0: 11, 1: 3}",3.2581037924560836,1.1968482865855117,0.36666666666666664
ELMO3,0.1999999999999999,3,"{'0': 772, '-1': 731, '1': 170}","{'-1': 16, '0': 11, '1': 3}","(0, 1)","{0: 11, 1: 3}",3.2573329595408302,1.3262932874487643,0.36666666666666664
ELMO3,0.2199999999999999,4,"{'0': 841, '-1': 553, '1': 245, '2': 34}","{'-1': 13, '0': 12, '1': 5}","(0, 1)","{0: 12, 1: 5}",3.240440930843949,1.1968482865855117,0.4
GCNT2,0.1899999999999999,5,"{'-1': 841, '1': 457, '3': 232, '0': 79, '2': 64}","{'-1': 17, '3': 4, '1': 4, '2': 3, '0': 2}","(1, 3)","{1: 4, 3: 4}",3.229114118117444,1.1331383311885328,0.13333333333333333
ALDOC,0.1699999999999999,5,"{'-1': 1302, '2': 226, '0': 67, '1': 47, '3': 31}","{'-1': 22, '1': 3, '2': 3, '3': 1, '0': 1}","(1, 2)","{1: 3, 2: 3}",3.2005246104063443,1.7903618511442994,0.1
TRO,0.2199999999999999,3,"{'0': 850, '-1': 647, '1': 176}","{'0': 20, '-1': 6, '1': 4}","(0, 1)","{0: 20, 1: 4}",3.1951677530586537,1.3098552625867872,0.6666666666666666
SLC22A17,0.1799999999999999,5,"{'-1': 894, '0': 600, '2': 79, '3': 67, '1': 33}","{'-1': 17, '0': 8, '2': 3, '3': 2}","(0, 2)","{0: 8, 2: 3}",3.185850854986686,1.870427952694277,0.26666666666666666
FERMT1,0.1899999999999999,7,"{'-1': 800, '0': 469, '1': 255, '2': 49, '3': 44, '4': 33, '5': 23}","{'-1': 17, '0': 5, '1': 4, '2': 3, '3': 1}","(0, 2)","{0: 5, 2: 3}",3.1572814796649147,1.474148118644961,0.16666666666666666
COPZ2,0.1599999999999999,5,"{'-1': 1084, '0': 365, '1': 119, '2': 71, '3': 34}","{'-1': 19, '0': 6, '2': 3, '1': 2}","(0, 2)","{0: 6, 2: 3}",3.1524416858647446,1.5952454739830169,0.2
MECOM,0.1899999999999999,4,"{'-1': 758, '0': 464, '2': 323, '1': 128}","{'-1': 13, '0': 9, '1': 5, '2': 3}","(0, 2)","{0: 9, 2: 3}",3.1463982726047384,1.2461605872693975,0.3
APBA2,0.1799999999999999,3,"{'-1': 852, '1': 600, '0': 221}","{'-1': 18, '1': 8, '0': 4}","(0, 1)","{0: 4, 1: 8}",3.1461256410014027,1.7052567344388676,0.26666666666666666
APBA2,0.2099999999999999,3,"{'1': 642, '-1': 618, '0': 413}","{'-1': 13, '0': 9, '1': 8}","(0, 1)","{0: 9, 1: 8}",3.1440788843062055,1.3554806545983888,0.3
APBA2,0.1899999999999999,3,"{'-1': 747, '1': 613, '0': 313}","{'-1': 15, '1': 8, '0': 7}","(0, 1)","{0: 7, 1: 8}",3.140046726416818,1.5458463704547707,0.26666666666666666
APBA2,0.1999999999999999,3,"{'-1': 674, '1': 632, '0': 367}","{'-1': 14, '0': 8, '1': 8}","(0, 1)","{0: 8, 1: 8}",3.13217834932881,1.408464845355358,0.26666666666666666
COPZ2,0.1699999999999999,5,"{'-1': 991, '1': 381, '2': 143, '0': 93, '3': 65}","{'-1': 17, '1': 7, '2': 3, '0': 3}","(0, 1)","{0: 3, 1: 7}",3.127173598957352,1.5065012621529374,0.23333333333333334
SLC52A3,0.1899999999999999,4,"{'0': 881, '-1': 674, '2': 62, '1': 56}","{'-1': 13, '0': 13, '1': 3, '2': 1}","(0, 1)","{0: 13, 1: 3}",3.105402024014277,2.1576986991090528,0.43333333333333335
PALM,0.1899999999999999,6,"{'-1': 798, '0': 656, '2': 88, '1': 68, '3': 43, '4': 20}","{'-1': 14, '0': 10, '3': 3, '2': 2, '1': 1}","(0, 3)","{0: 10, 3: 3}",3.090193629106615,1.1408625358398496,0.3333333333333333
SLC22A17,0.1899999999999999,6,"{'-1': 774, '0': 721, '1': 97, '2': 52, '4': 19, '3': 10}","{'-1': 15, '0': 11, '1': 3, '3': 1}","(0, 1)","{0: 11, 1: 3}",3.0302935897921537,1.0983550719785753,0.36666666666666664
