,Unnamed: 0,gene,eps,pan_cancer_cluster_number,pan_cancer_distribution,TNBC_distribution,cluster_combination,TNBC_distribution_in_this_cluster,centroid_distance,cluster_separation
4109,5099,ICA1,0.1799999999999999,5,"{'-1': 939, '1': 384, '0': 209, '3': 75, '2': 66}","{'-1': 21, '1': 4, '0': 4, '2': 1}","(0, 1)","{0: 4, 1: 4}",4.051148633130771,1.9887852125040737
4977,5967,TFPI,0.1699999999999999,5,"{'-1': 1071, '0': 318, '1': 215, '2': 50, '3': 19}","{'-1': 16, '0': 8, '1': 6}","(0, 1)","{0: 8, 1: 6}",5.101394760593204,2.8196193346042464
4987,5977,TFPI,0.1799999999999999,3,"{'-1': 960, '0': 373, '1': 340}","{'-1': 14, '0': 9, '1': 7}","(0, 1)","{0: 9, 1: 7}",5.239990495200629,2.2342496954463855
4990,5980,TFPI,0.1899999999999999,4,"{'-1': 745, '1': 477, '0': 400, '2': 51}","{'-1': 13, '0': 9, '1': 8}","(0, 1)","{0: 9, 1: 8}",5.332776557816844,1.7881187031946868
4996,5986,TFPI,0.1999999999999999,4,"{'-1': 649, '1': 519, '0': 435, '2': 70}","{'-1': 12, '0': 10, '1': 8}","(0, 1)","{0: 10, 1: 8}",5.276193616599929,1.3754717513408368
14847,3619,DAPP1,0.2299999999999999,5,"{'0': 884, '-1': 593, '1': 134, '3': 32, '2': 30}","{'0': 17, '-1': 7, '1': 5, '2': 1}","(0, 1)","{0: 17, 1: 5}",3.498537946439569,1.6397700590698083
14857,3629,DAPP1,0.2399999999999999,5,"{'0': 891, '-1': 559, '1': 156, '2': 37, '3': 30}","{'0': 17, '-1': 6, '1': 6, '2': 1}","(0, 1)","{0: 17, 1: 6}",3.5137082603600573,1.4607557995846796
14867,3639,DAPP1,0.2499999999999999,5,"{'0': 935, '-1': 478, '1': 184, '2': 46, '3': 30}","{'0': 17, '1': 7, '-1': 5, '2': 1}","(0, 1)","{0: 17, 1: 7}",3.4784464907088393,1.3088192158342624
14877,3649,DAPP1,0.2599999999999999,6,"{'0': 947, '-1': 398, '1': 229, '2': 55, '3': 30, '4': 14}","{'0': 17, '1': 7, '-1': 3, '2': 2, '4': 1}","(0, 1)","{0: 17, 1: 7}",3.5254640711512173,1.0517614276897416
22614,43,CYBRD1,0.1999999999999999,3,"{'-1': 727, '1': 668, '0': 278}","{'1': 16, '-1': 11, '0': 3}","(0, 1)","{0: 3, 1: 16}",4.333687827551519,1.1684536142256443
22617,46,CYBRD1,0.2099999999999999,3,"{'1': 709, '-1': 677, '0': 287}","{'1': 17, '-1': 10, '0': 3}","(0, 1)","{0: 3, 1: 17}",4.353879574611578,1.1100894517116555
22620,49,CYBRD1,0.2199999999999999,3,"{'1': 733, '-1': 640, '0': 300}","{'1': 17, '-1': 10, '0': 3}","(0, 1)","{0: 3, 1: 17}",4.332433677029808,1.027136129937514
33709,3904,PPP2R2C,0.2299999999999999,4,"{'0': 932, '-1': 535, '2': 143, '1': 63}","{'-1': 15, '0': 12, '2': 3}","(0, 2)","{0: 12, 2: 3}",3.645186337623988,1.2085402261901534
34963,628,MGLL,0.1999999999999999,3,"{'-1': 742, '0': 705, '1': 226}","{'-1': 14, '0': 13, '1': 3}","(0, 1)","{0: 13, 1: 3}",4.437690152185291,1.175961391172981
34966,631,MGLL,0.2099999999999999,3,"{'0': 738, '-1': 690, '1': 245}","{'0': 14, '-1': 13, '1': 3}","(0, 1)","{0: 14, 1: 3}",4.4073161030159484,1.108813487138925
55075,2790,FGFR1,0.1899999999999999,6,"{'-1': 846, '0': 596, '1': 129, '4': 44, '2': 40, '3': 18}","{'-1': 14, '0': 12, '4': 3, '1': 1}","(0, 4)","{0: 12, 4: 3}",4.739991266238801,1.6822597020760717
55087,2802,FGFR1,0.1999999999999999,4,"{'-1': 750, '0': 676, '1': 188, '2': 59}","{'0': 15, '-1': 11, '1': 4}","(0, 1)","{0: 15, 1: 4}",4.708792812997327,1.224759435880364
62202,2109,LXN,0.1599999999999999,3,"{'-1': 1071, '1': 461, '0': 141}","{'-1': 20, '1': 7, '0': 3}","(0, 1)","{0: 3, 1: 7}",3.4473274255391004,2.09456300153298
62205,2112,LXN,0.1699999999999999,6,"{'-1': 930, '1': 482, '0': 168, '2': 41, '4': 27, '3': 25}","{'-1': 20, '1': 7, '0': 3}","(0, 1)","{0: 3, 1: 7}",3.4548740603433834,1.9347696281839553
62220,2127,LXN,0.1799999999999999,3,"{'-1': 831, '1': 524, '0': 318}","{'-1': 17, '1': 9, '0': 4}","(0, 1)","{0: 4, 1: 9}",3.734612770652393,1.5877236403982131
62223,2130,LXN,0.1899999999999999,3,"{'-1': 769, '1': 527, '0': 377}","{'-1': 16, '1': 9, '0': 5}","(0, 1)","{0: 5, 1: 9}",3.629512155161234,1.3740401274066527
62226,2133,LXN,0.1999999999999999,4,"{'-1': 705, '1': 535, '0': 416, '2': 17}","{'-1': 14, '1': 9, '0': 6, '2': 1}","(0, 1)","{0: 6, 1: 9}",3.6127165658131366,1.338047760250639
69254,967,ARSD,0.1899999999999999,3,"{'0': 744, '-1': 726, '1': 203}","{'0': 15, '-1': 12, '1': 3}","(0, 1)","{0: 15, 1: 3}",3.40368513932061,1.5342092002565215
69257,970,ARSD,0.1999999999999999,3,"{'0': 800, '-1': 640, '1': 233}","{'0': 15, '-1': 11, '1': 4}","(0, 1)","{0: 15, 1: 4}",3.3931147475616816,1.3028473533216574
69858,2025,PRSS21,0.3099999999999999,3,"{'0': 1234, '-1': 329, '1': 110}","{'0': 24, '-1': 3, '1': 3}","(0, 1)","{0: 24, 1: 3}",4.970621316957969,2.398933480603537
69861,2028,PRSS21,0.3199999999999999,3,"{'0': 1237, '-1': 311, '1': 125}","{'0': 24, '-1': 3, '1': 3}","(0, 1)","{0: 24, 1: 3}",4.932837208258085,2.2227902415625698
69864,2031,PRSS21,0.3299999999999999,3,"{'0': 1238, '-1': 299, '1': 136}","{'0': 24, '-1': 3, '1': 3}","(0, 1)","{0: 24, 1: 3}",4.85839017963869,1.944789813042326
69867,2034,PRSS21,0.3399999999999998,4,"{'0': 1240, '-1': 259, '1': 142, '2': 32}","{'0': 24, '-1': 3, '1': 3}","(0, 1)","{0: 24, 1: 3}",4.86788541448503,1.944789813042326
69877,2044,PRSS21,0.3499999999999998,5,"{'1': 1241, '-1': 215, '2': 145, '0': 43, '3': 29}","{'1': 24, '-1': 3, '2': 3}","(1, 2)","{1: 24, 2: 3}",4.854793223881314,1.837874609125814
69887,2054,PRSS21,0.3599999999999999,5,"{'1': 1238, '-1': 187, '2': 168, '0': 50, '3': 30}","{'1': 24, '-1': 3, '2': 3}","(1, 2)","{1: 24, 2: 3}",4.99077819366839,1.6725123797707369
69893,2060,PRSS21,0.3699999999999999,4,"{'0': 1291, '1': 181, '-1': 165, '2': 36}","{'0': 24, '1': 4, '-1': 2}","(0, 1)","{0: 24, 1: 4}",5.022065592236969,1.441973719732649
69899,2066,PRSS21,0.3799999999999999,3,"{'0': 1298, '1': 227, '-1': 148}","{'0': 24, '1': 4, '-1': 2}","(0, 1)","{0: 24, 1: 4}",5.266546525199359,1.3347142498432056
69902,2069,PRSS21,0.3899999999999998,3,"{'0': 1303, '1': 235, '-1': 135}","{'0': 25, '1': 4, '-1': 1}","(0, 1)","{0: 25, 1: 4}",5.27199955455029,1.160059648316108
75958,3170,MGST1,0.2099999999999999,3,"{'0': 855, '-1': 527, '1': 291}","{'0': 18, '-1': 9, '1': 3}","(0, 1)","{0: 18, 1: 3}",7.466558425629285,3.450945152749469
75961,3173,MGST1,0.2199999999999999,4,"{'0': 874, '-1': 482, '1': 293, '2': 24}","{'0': 18, '-1': 8, '1': 3, '2': 1}","(0, 1)","{0: 18, 1: 3}",7.442467927444456,3.378586202335186
75967,3179,MGST1,0.2299999999999999,3,"{'0': 928, '-1': 447, '1': 298}","{'0': 20, '-1': 7, '1': 3}","(0, 1)","{0: 20, 1: 3}",7.374021802917473,2.9751759158542663
75970,3182,MGST1,0.2399999999999999,3,"{'0': 961, '-1': 399, '1': 313}","{'0': 23, '-1': 4, '1': 3}","(0, 1)","{0: 23, 1: 3}",7.29369844736504,2.439596859198251
75973,3185,MGST1,0.2499999999999999,3,"{'0': 983, '-1': 365, '1': 325}","{'0': 24, '1': 4, '-1': 2}","(0, 1)","{0: 24, 1: 4}",7.250999170247093,2.439596859198251
75976,3188,MGST1,0.2599999999999999,3,"{'0': 996, '-1': 346, '1': 331}","{'0': 24, '1': 4, '-1': 2}","(0, 1)","{0: 24, 1: 4}",7.242119769532875,2.439596859198251
75979,3191,MGST1,0.2699999999999999,3,"{'0': 1012, '1': 333, '-1': 328}","{'0': 24, '1': 4, '-1': 2}","(0, 1)","{0: 24, 1: 4}",7.192697602204567,1.8695852437839569
75982,3194,MGST1,0.2799999999999999,3,"{'0': 1022, '1': 343, '-1': 308}","{'0': 24, '1': 4, '-1': 2}","(0, 1)","{0: 24, 1: 4}",7.183040635079985,1.8695852437839569
75985,3197,MGST1,0.2899999999999999,3,"{'0': 1039, '1': 348, '-1': 286}","{'0': 24, '1': 4, '-1': 2}","(0, 1)","{0: 24, 1: 4}",7.162442426140576,1.4410478265186293
76744,4223,IL32,0.1899999999999999,6,"{'-1': 869, '0': 394, '1': 262, '2': 85, '3': 39, '4': 24}","{'-1': 18, '0': 8, '1': 3, '3': 1}","(0, 1)","{0: 8, 1: 3}",6.253200092581307,2.809716512110044
82802,2605,MRC2,0.1899999999999999,4,"{'-1': 843, '0': 405, '1': 340, '2': 85}","{'-1': 18, '1': 7, '0': 4, '2': 1}","(0, 1)","{0: 4, 1: 7}",3.9767667463539182,1.1996376650839349
91080,2947,GPRC5A,0.1599999999999999,3,"{'-1': 1033, '0': 349, '1': 291}","{'-1': 18, '1': 9, '0': 3}","(0, 1)","{0: 3, 1: 9}",5.895925187088225,3.5774649681437403
91083,2950,GPRC5A,0.1699999999999999,3,"{'-1': 932, '1': 380, '0': 361}","{'-1': 17, '1': 10, '0': 3}","(0, 1)","{0: 3, 1: 10}",5.809670992644763,3.323997464174826
91086,2953,GPRC5A,0.1799999999999999,4,"{'-1': 793, '1': 474, '0': 370, '2': 36}","{'-1': 15, '1': 12, '0': 3}","(0, 1)","{0: 3, 1: 12}",5.795094350923359,2.393186778057184
91092,2959,GPRC5A,0.1899999999999999,3,"{'-1': 698, '1': 596, '0': 379}","{'-1': 15, '1': 12, '0': 3}","(0, 1)","{0: 3, 1: 12}",5.811819953480225,2.0030404543200513
91095,2962,GPRC5A,0.1999999999999999,4,"{'1': 657, '-1': 594, '0': 383, '2': 39}","{'-1': 14, '1': 13, '0': 3}","(0, 1)","{0: 3, 1: 13}",5.7861333080802515,1.7977572782849591
96921,1409,SNAI2,0.1699999999999999,3,"{'-1': 869, '1': 528, '0': 276}","{'-1': 22, '1': 5, '0': 3}","(0, 1)","{0: 3, 1: 5}",4.664221970988973,2.297423131378715
96924,1412,SNAI2,0.1799999999999999,3,"{'-1': 831, '1': 546, '0': 296}","{'-1': 22, '1': 5, '0': 3}","(0, 1)","{0: 3, 1: 5}",4.648651545467257,2.1877986402042167
96927,1415,SNAI2,0.1899999999999999,3,"{'-1': 778, '1': 548, '0': 347}","{'-1': 20, '1': 6, '0': 4}","(0, 1)","{0: 4, 1: 6}",4.7195320924027,2.039908721436636
96930,1418,SNAI2,0.1999999999999999,3,"{'-1': 672, '1': 568, '0': 433}","{'-1': 17, '0': 7, '1': 6}","(0, 1)","{0: 7, 1: 6}",4.517296611015607,1.3439544012173614
98776,3264,SERPINB1,0.2499999999999999,3,"{'0': 1088, '-1': 460, '1': 125}","{'0': 22, '-1': 5, '1': 3}","(0, 1)","{0: 22, 1: 3}",4.9060264573141605,1.3687819083179715
98779,3267,SERPINB1,0.2599999999999999,3,"{'0': 1101, '-1': 433, '1': 139}","{'0': 22, '-1': 5, '1': 3}","(0, 1)","{0: 22, 1: 3}",4.901805673706447,1.2821662660119906
98782,3270,SERPINB1,0.2699999999999999,3,"{'0': 1118, '-1': 414, '1': 141}","{'0': 22, '-1': 5, '1': 3}","(0, 1)","{0: 22, 1: 3}",4.882966222864055,1.2751798356958832
98785,3273,SERPINB1,0.2799999999999999,3,"{'0': 1131, '-1': 389, '1': 153}","{'0': 22, '-1': 5, '1': 3}","(0, 1)","{0: 22, 1: 3}",4.8351270706866405,1.2339571729693706
98788,3276,SERPINB1,0.2899999999999999,3,"{'0': 1158, '-1': 352, '1': 163}","{'0': 22, '-1': 5, '1': 3}","(0, 1)","{0: 22, 1: 3}",4.830825157967036,1.2339571729693706
99693,148,FHL1,0.1699999999999999,3,"{'-1': 1059, '1': 337, '0': 277}","{'-1': 21, '1': 6, '0': 3}","(0, 1)","{0: 3, 1: 6}",4.335356434807339,2.116386574551139
99696,151,FHL1,0.1799999999999999,3,"{'-1': 959, '0': 364, '1': 350}","{'-1': 17, '0': 7, '1': 6}","(0, 1)","{0: 7, 1: 6}",4.340916264409593,1.5703651245081982
100130,585,NLRP2,0.2099999999999999,3,"{'0': 992, '-1': 552, '1': 129}","{'0': 16, '-1': 11, '1': 3}","(0, 1)","{0: 16, 1: 3}",4.66252138966415,2.732535441746437
100133,588,NLRP2,0.2199999999999999,3,"{'0': 992, '-1': 498, '1': 183}","{'0': 16, '-1': 11, '1': 3}","(0, 1)","{0: 16, 1: 3}",4.580824724131837,2.465604905938016
100136,591,NLRP2,0.2299999999999999,3,"{'0': 995, '-1': 461, '1': 217}","{'0': 17, '-1': 9, '1': 4}","(0, 1)","{0: 17, 1: 4}",4.5141753555117905,2.4121656469765553
100139,594,NLRP2,0.2399999999999999,3,"{'0': 1005, '-1': 429, '1': 239}","{'0': 17, '-1': 9, '1': 4}","(0, 1)","{0: 17, 1: 4}",4.451968294029925,1.9060540081447233
100142,597,NLRP2,0.2499999999999999,3,"{'0': 1009, '-1': 396, '1': 268}","{'0': 17, '-1': 7, '1': 6}","(0, 1)","{0: 17, 1: 6}",4.470455985184674,1.9060540081447233
100145,600,NLRP2,0.2599999999999999,3,"{'0': 1013, '-1': 372, '1': 288}","{'0': 17, '1': 7, '-1': 6}","(0, 1)","{0: 17, 1: 7}",4.486781781916318,1.8267315554833177
100148,603,NLRP2,0.2699999999999999,3,"{'0': 1018, '-1': 349, '1': 306}","{'0': 17, '1': 7, '-1': 6}","(0, 1)","{0: 17, 1: 7}",4.457343596364031,1.600644122953426
100151,606,NLRP2,0.2799999999999999,3,"{'0': 1024, '-1': 327, '1': 322}","{'0': 17, '1': 8, '-1': 5}","(0, 1)","{0: 17, 1: 8}",4.416604353938018,1.172923745072148
100154,609,NLRP2,0.2899999999999999,3,"{'0': 1030, '1': 328, '-1': 315}","{'0': 17, '1': 9, '-1': 4}","(0, 1)","{0: 17, 1: 9}",4.44095277914363,1.172923745072148
100157,612,NLRP2,0.2999999999999999,3,"{'0': 1034, '1': 336, '-1': 303}","{'0': 17, '1': 9, '-1': 4}","(0, 1)","{0: 17, 1: 9}",4.4369273023030855,1.0193005559589363
100160,615,NLRP2,0.3099999999999999,3,"{'0': 1039, '1': 344, '-1': 290}","{'0': 17, '1': 9, '-1': 4}","(0, 1)","{0: 17, 1: 9}",4.411746784697879,1.00242673739454
100163,618,NLRP2,0.3199999999999999,3,"{'0': 1046, '1': 348, '-1': 279}","{'0': 17, '1': 9, '-1': 4}","(0, 1)","{0: 17, 1: 9}",4.41515917986596,1.00242673739454
101784,2239,BIRC3,0.1799999999999999,7,"{'-1': 973, '0': 377, '1': 111, '3': 84, '5': 52, '2': 41, '4': 35}","{'-1': 18, '1': 5, '0': 3, '4': 2, '5': 1, '3': 1}","(0, 1)","{0: 3, 1: 5}",3.71650110416728,1.6513049955498529
103544,3999,EHD2,0.1399999999999999,4,"{'-1': 1219, '0': 249, '1': 179, '2': 26}","{'-1': 23, '0': 4, '1': 3}","(0, 1)","{0: 4, 1: 3}",5.212671007059337,3.679717300345739
103550,4005,EHD2,0.1499999999999999,4,"{'-1': 1093, '1': 280, '0': 262, '2': 38}","{'-1': 18, '1': 8, '0': 4}","(0, 1)","{0: 4, 1: 8}",5.195152845835769,3.4205989729435435
103556,4011,EHD2,0.1599999999999999,3,"{'-1': 997, '1': 386, '0': 290}","{'-1': 17, '1': 9, '0': 4}","(0, 1)","{0: 4, 1: 9}",5.205946096712577,3.0117329614660164
103559,4014,EHD2,0.1699999999999999,3,"{'-1': 858, '1': 495, '0': 320}","{'-1': 16, '1': 9, '0': 5}","(0, 1)","{0: 5, 1: 9}",4.963793834873333,2.065170438941281
103562,4017,EHD2,0.1799999999999999,3,"{'-1': 792, '1': 536, '0': 345}","{'-1': 14, '1': 11, '0': 5}","(0, 1)","{0: 5, 1: 11}",4.987307387270371,1.9660906652332784
103565,4020,EHD2,0.1899999999999999,3,"{'-1': 722, '1': 585, '0': 366}","{'1': 12, '-1': 12, '0': 6}","(0, 1)","{0: 6, 1: 12}",4.908695646645422,1.5642310591370694
103568,4023,EHD2,0.1999999999999999,4,"{'-1': 639, '1': 607, '0': 371, '2': 56}","{'1': 12, '-1': 11, '0': 6, '2': 1}","(0, 1)","{0: 6, 1: 12}",4.92463791038587,1.5642310591370694
105408,1378,VIM,0.2099999999999999,3,"{'0': 825, '-1': 590, '1': 258}","{'-1': 15, '0': 10, '1': 5}","(0, 1)","{0: 10, 1: 5}",7.942913529787962,1.6434995771732783
105411,1381,VIM,0.2199999999999999,3,"{'0': 877, '-1': 509, '1': 287}","{'0': 12, '-1': 12, '1': 6}","(0, 1)","{0: 12, 1: 6}",7.796479889876743,1.1382718001722203
115164,653,APBA2,0.1799999999999999,3,"{'-1': 852, '1': 600, '0': 221}","{'-1': 18, '1': 8, '0': 4}","(0, 1)","{0: 4, 1: 8}",3.1461256410014027,1.7052567344388676
115167,656,APBA2,0.1899999999999999,3,"{'-1': 747, '1': 613, '0': 313}","{'-1': 15, '1': 8, '0': 7}","(0, 1)","{0: 7, 1: 8}",3.140046726416818,1.5458463704547707
115170,659,APBA2,0.1999999999999999,3,"{'-1': 674, '1': 632, '0': 367}","{'-1': 14, '0': 8, '1': 8}","(0, 1)","{0: 8, 1: 8}",3.13217834932881,1.408464845355358
115173,662,APBA2,0.2099999999999999,3,"{'1': 642, '-1': 618, '0': 413}","{'-1': 13, '0': 9, '1': 8}","(0, 1)","{0: 9, 1: 8}",3.1440788843062055,1.3554806545983888
120481,2823,CDH1,0.1699999999999999,3,"{'0': 732, '-1': 639, '1': 302}","{'-1': 15, '0': 9, '1': 6}","(0, 1)","{0: 9, 1: 6}",6.590819203277042,3.8492173089711734
120484,2826,CDH1,0.1799999999999999,3,"{'0': 754, '-1': 576, '1': 343}","{'-1': 12, '1': 9, '0': 9}","(0, 1)","{0: 9, 1: 9}",6.605240150678373,3.74451993030448
120487,2829,CDH1,0.1899999999999999,3,"{'0': 765, '-1': 532, '1': 376}","{'-1': 11, '1': 10, '0': 9}","(0, 1)","{0: 9, 1: 10}",6.495392166928416,3.2685311034141016
120490,2832,CDH1,0.1999999999999999,3,"{'0': 771, '-1': 510, '1': 392}","{'-1': 11, '1': 10, '0': 9}","(0, 1)","{0: 9, 1: 10}",6.480368775138996,3.186396513940906
120493,2835,CDH1,0.2099999999999999,3,"{'0': 780, '-1': 473, '1': 420}","{'1': 12, '-1': 9, '0': 9}","(0, 1)","{0: 9, 1: 12}",6.457631132636534,3.001445827788511
120496,2838,CDH1,0.2199999999999999,3,"{'0': 793, '1': 452, '-1': 428}","{'1': 12, '-1': 9, '0': 9}","(0, 1)","{0: 9, 1: 12}",6.3471924274792215,2.216695691166924
120499,2841,CDH1,0.2299999999999999,3,"{'0': 809, '1': 474, '-1': 390}","{'1': 12, '-1': 9, '0': 9}","(0, 1)","{0: 9, 1: 12}",6.256932519029342,1.7346943994350874
123468,1934,TNC,0.1799999999999999,5,"{'-1': 881, '1': 618, '0': 128, '2': 25, '3': 21}","{'-1': 19, '1': 5, '0': 4, '3': 2}","(0, 1)","{0: 4, 1: 5}",5.9623336507564755,2.899786208908568
123478,1944,TNC,0.1899999999999999,5,"{'-1': 718, '1': 635, '0': 248, '2': 42, '3': 30}","{'-1': 18, '0': 7, '1': 5}","(0, 1)","{0: 7, 1: 5}",5.778707134661126,1.297336106704971
132129,1139,KITLG,0.1599999999999999,7,"{'-1': 1026, '3': 232, '1': 215, '2': 103, '0': 48, '5': 37, '4': 12}","{'-1': 16, '3': 8, '1': 3, '2': 3}","(1, 3)","{1: 3, 3: 8}",3.898009064713289,2.1753670865105605
133159,2300,EPN3,0.2299999999999999,4,"{'0': 1002, '-1': 466, '1': 172, '2': 33}","{'-1': 14, '0': 13, '1': 3}","(0, 1)","{0: 13, 1: 3}",3.425748138412772,1.131529622705302
133165,2306,EPN3,0.2399999999999999,3,"{'0': 1045, '-1': 433, '1': 195}","{'-1': 14, '0': 13, '1': 3}","(0, 1)","{0: 13, 1: 3}",3.4455823516192785,1.036372389664962
135471,851,PRSS22,0.2099999999999999,3,"{'0': 972, '-1': 581, '1': 120}","{'-1': 16, '0': 10, '1': 4}","(0, 1)","{0: 10, 1: 4}",5.0683386695352866,3.1787219496794714
135474,854,PRSS22,0.2199999999999999,5,"{'0': 976, '-1': 498, '1': 142, '2': 38, '3': 19}","{'-1': 16, '0': 10, '1': 4}","(0, 1)","{0: 10, 1: 4}",5.146188206614585,3.022856613656843
135484,864,PRSS22,0.2299999999999999,5,"{'0': 1012, '-1': 403, '1': 162, '2': 74, '3': 22}","{'-1': 13, '0': 10, '1': 4, '3': 3}","(0, 1)","{0: 10, 1: 4}",5.134293669138618,2.6713452378251477
135486,866,PRSS22,0.2299999999999999,5,"{'0': 1012, '-1': 403, '1': 162, '2': 74, '3': 22}","{'-1': 13, '0': 10, '1': 4, '3': 3}","(0, 3)","{0: 10, 3: 3}",6.062719404973153,4.361843348301645
135494,874,PRSS22,0.2399999999999999,3,"{'0': 1021, '-1': 339, '1': 313}","{'0': 12, '1': 10, '-1': 8}","(0, 1)","{0: 12, 1: 10}",4.766034083043915,1.3846638502353246
135497,877,PRSS22,0.2499999999999999,3,"{'0': 1031, '1': 336, '-1': 306}","{'0': 12, '1': 10, '-1': 8}","(0, 1)","{0: 12, 1: 10}",4.804613543357273,1.3168212044542735
135500,880,PRSS22,0.2599999999999999,3,"{'0': 1036, '1': 350, '-1': 287}","{'1': 12, '0': 12, '-1': 6}","(0, 1)","{0: 12, 1: 12}",4.792792337207815,1.181771244290421
137631,3413,COPZ2,0.1599999999999999,5,"{'-1': 1084, '0': 365, '1': 119, '2': 71, '3': 34}","{'-1': 19, '0': 6, '2': 3, '1': 2}","(0, 2)","{0: 6, 2: 3}",3.1524416858647446,1.5952454739830169
137640,3422,COPZ2,0.1699999999999999,5,"{'-1': 991, '1': 381, '2': 143, '0': 93, '3': 65}","{'-1': 17, '1': 7, '2': 3, '0': 3}","(0, 1)","{0: 3, 1: 7}",3.127173598957352,1.5065012621529374
137644,3426,COPZ2,0.1699999999999999,5,"{'-1': 991, '1': 381, '2': 143, '0': 93, '3': 65}","{'-1': 17, '1': 7, '2': 3, '0': 3}","(1, 2)","{1: 7, 2: 3}",4.327011366263504,2.80647010446416
138545,189,ARHGEF5,0.1499999999999999,3,"{'-1': 995, '0': 364, '1': 314}","{'-1': 20, '0': 6, '1': 4}","(0, 1)","{0: 6, 1: 4}",3.921045916689588,2.4052031391742683
138548,192,ARHGEF5,0.1599999999999999,3,"{'-1': 933, '0': 376, '1': 364}","{'-1': 19, '0': 6, '1': 5}","(0, 1)","{0: 6, 1: 5}",3.897887124730536,2.276190415891297
138551,195,ARHGEF5,0.1699999999999999,4,"{'-1': 832, '1': 427, '0': 396, '2': 18}","{'-1': 17, '1': 7, '0': 6}","(0, 1)","{0: 6, 1: 7}",3.892121292037865,2.036758550010118
138557,201,ARHGEF5,0.1799999999999999,3,"{'-1': 773, '1': 469, '0': 431}","{'-1': 15, '1': 9, '0': 6}","(0, 1)","{0: 6, 1: 9}",3.9136802235846058,2.0182622063927287
138560,204,ARHGEF5,0.1899999999999999,4,"{'-1': 694, '1': 513, '0': 438, '2': 28}","{'-1': 12, '1': 11, '0': 6, '2': 1}","(0, 1)","{0: 6, 1: 11}",3.870088918603654,1.7921951148865984
138566,210,ARHGEF5,0.1999999999999999,4,"{'-1': 642, '1': 531, '0': 442, '2': 58}","{'1': 13, '-1': 10, '0': 6, '2': 1}","(0, 1)","{0: 6, 1: 13}",3.8622874299576417,1.7768743156028424
140946,2842,CYBA,0.2399999999999999,3,"{'0': 1056, '-1': 441, '1': 176}","{'0': 19, '-1': 7, '1': 4}","(0, 1)","{0: 19, 1: 4}",6.9603984132846115,2.837334079550474
140949,2845,CYBA,0.2499999999999999,4,"{'0': 1081, '-1': 384, '1': 188, '2': 20}","{'0': 19, '-1': 6, '1': 4, '2': 1}","(0, 1)","{0: 19, 1: 4}",6.906366017383745,2.292086083358437
140955,2851,CYBA,0.2599999999999999,3,"{'0': 1132, '-1': 340, '1': 201}","{'0': 20, '-1': 5, '1': 5}","(0, 1)","{0: 20, 1: 5}",6.806723371134011,1.6840569156538918
140958,2854,CYBA,0.2699999999999999,3,"{'0': 1144, '-1': 326, '1': 203}","{'0': 20, '-1': 5, '1': 5}","(0, 1)","{0: 20, 1: 5}",6.792316004594059,1.564174028050012
140961,2857,CYBA,0.2799999999999999,3,"{'0': 1169, '-1': 294, '1': 210}","{'0': 20, '-1': 5, '1': 5}","(0, 1)","{0: 20, 1: 5}",6.757294981157531,1.2259262750100093
140964,2860,CYBA,0.2899999999999999,3,"{'0': 1184, '-1': 266, '1': 223}","{'0': 20, '-1': 5, '1': 5}","(0, 1)","{0: 20, 1: 5}",6.722685905890222,1.148981741469814
141721,3617,PRSS8,0.1799999999999999,3,"{'0': 946, '-1': 557, '1': 170}","{'-1': 17, '0': 9, '1': 4}","(0, 1)","{0: 9, 1: 4}",5.904920621091318,3.783980413683795
141724,3620,PRSS8,0.1899999999999999,3,"{'0': 956, '-1': 497, '1': 220}","{'-1': 12, '0': 10, '1': 8}","(0, 1)","{0: 10, 1: 8}",5.884650357238248,3.513393564958201
141727,3623,PRSS8,0.1999999999999999,3,"{'0': 958, '-1': 468, '1': 247}","{'-1': 11, '0': 10, '1': 9}","(0, 1)","{0: 10, 1: 9}",5.873008897789308,3.218423519133502
141730,3626,PRSS8,0.2099999999999999,3,"{'0': 960, '-1': 443, '1': 270}","{'-1': 11, '0': 10, '1': 9}","(0, 1)","{0: 10, 1: 9}",5.916542611799771,3.070389327891398
141733,3629,PRSS8,0.2199999999999999,3,"{'0': 968, '-1': 413, '1': 292}","{'1': 11, '0': 10, '-1': 9}","(0, 1)","{0: 10, 1: 11}",5.905598658736917,2.8004222078957195
141736,3632,PRSS8,0.2299999999999999,3,"{'0': 973, '-1': 380, '1': 320}","{'1': 11, '0': 10, '-1': 9}","(0, 1)","{0: 10, 1: 11}",5.823107066257655,2.3496129718245222
141739,3635,PRSS8,0.2399999999999999,3,"{'0': 986, '-1': 347, '1': 340}","{'1': 13, '0': 10, '-1': 7}","(0, 1)","{0: 10, 1: 13}",5.8051573941986145,2.3496129718245222
141742,3638,PRSS8,0.2499999999999999,3,"{'0': 989, '1': 351, '-1': 333}","{'1': 14, '0': 10, '-1': 6}","(0, 1)","{0: 10, 1: 14}",5.784342373533858,2.14418358898575
141745,3641,PRSS8,0.2599999999999999,3,"{'0': 990, '1': 359, '-1': 324}","{'1': 14, '0': 10, '-1': 6}","(0, 1)","{0: 10, 1: 14}",5.788166032354752,2.14418358898575
141748,3644,PRSS8,0.2699999999999999,3,"{'0': 998, '1': 379, '-1': 296}","{'1': 14, '0': 10, '-1': 6}","(0, 1)","{0: 10, 1: 14}",5.742657398337582,2.0646011755299902
141751,3647,PRSS8,0.2799999999999999,3,"{'0': 1021, '1': 385, '-1': 267}","{'1': 14, '0': 11, '-1': 5}","(0, 1)","{0: 11, 1: 14}",5.724624779047063,1.688183221079926
141754,3650,PRSS8,0.2899999999999999,3,"{'0': 1021, '1': 399, '-1': 253}","{'1': 14, '0': 11, '-1': 5}","(0, 1)","{0: 11, 1: 14}",5.7082619804039405,1.4817323436125
141757,3653,PRSS8,0.2999999999999999,3,"{'0': 1021, '1': 405, '-1': 247}","{'1': 14, '0': 11, '-1': 5}","(0, 1)","{0: 11, 1: 14}",5.683725002197024,1.3226658576448809
141760,3656,PRSS8,0.3099999999999999,3,"{'0': 1026, '1': 418, '-1': 229}","{'1': 14, '0': 11, '-1': 5}","(0, 1)","{0: 11, 1: 14}",5.6455911612468945,1.3226658576448809
141763,3659,PRSS8,0.3199999999999999,3,"{'0': 1030, '1': 426, '-1': 217}","{'1': 14, '0': 11, '-1': 5}","(0, 1)","{0: 11, 1: 14}",5.62699437373522,1.1066516257590442
141766,3662,PRSS8,0.3299999999999999,3,"{'0': 1035, '1': 431, '-1': 207}","{'1': 14, '0': 11, '-1': 5}","(0, 1)","{0: 11, 1: 14}",5.624628162014903,1.1066516257590442
143492,1431,LAMA3,0.1999999999999999,6,"{'-1': 649, '0': 506, '2': 283, '4': 109, '3': 75, '1': 51}","{'-1': 12, '0': 8, '4': 5, '2': 3, '1': 1, '3': 1}","(0, 2)","{0: 8, 2: 3}",4.552768847851815,1.668116186410319
150629,958,PKP2,0.1499999999999999,3,"{'-1': 1154, '0': 420, '1': 99}","{'-1': 21, '0': 5, '1': 4}","(0, 1)","{0: 5, 1: 4}",4.187384582899796,3.235888263820671
150632,961,PKP2,0.1599999999999999,4,"{'-1': 1053, '0': 434, '1': 114, '2': 72}","{'-1': 20, '0': 5, '1': 4, '2': 1}","(0, 1)","{0: 5, 1: 4}",4.177697341801816,3.143965774379632
150638,967,PKP2,0.1699999999999999,4,"{'-1': 972, '0': 450, '1': 233, '2': 18}","{'-1': 19, '1': 6, '0': 5}","(0, 1)","{0: 5, 1: 6}",3.7914927937220417,2.0469044645905696
150644,973,PKP2,0.1799999999999999,4,"{'-1': 878, '0': 463, '1': 302, '2': 30}","{'-1': 17, '1': 7, '0': 6}","(0, 1)","{0: 6, 1: 7}",3.649097614915547,1.7858751946471525
150650,979,PKP2,0.1899999999999999,4,"{'-1': 779, '0': 477, '1': 377, '2': 40}","{'-1': 15, '1': 8, '0': 6, '2': 1}","(0, 1)","{0: 6, 1: 8}",3.663451772182053,1.406424368974136
150656,985,PKP2,0.1999999999999999,4,"{'-1': 716, '0': 483, '1': 432, '2': 42}","{'-1': 14, '1': 9, '0': 6, '2': 1}","(0, 1)","{0: 6, 1: 9}",3.66408394703152,1.2918708610311829
151936,2510,LAMC2,0.1899999999999999,5,"{'0': 716, '-1': 697, '1': 188, '3': 37, '2': 35}","{'-1': 19, '0': 6, '1': 3, '3': 2}","(0, 1)","{0: 6, 1: 3}",6.2471633369748325,3.200049766693556
151946,2520,LAMC2,0.1999999999999999,4,"{'0': 736, '-1': 585, '1': 341, '2': 11}","{'-1': 17, '1': 7, '0': 6}","(0, 1)","{0: 6, 1: 7}",5.668048539395654,1.436487859150218
151952,2526,LAMC2,0.2099999999999999,3,"{'0': 761, '-1': 544, '1': 368}","{'-1': 15, '1': 8, '0': 7}","(0, 1)","{0: 7, 1: 8}",5.63371361999949,1.2364100237013051
151955,2529,LAMC2,0.2199999999999999,3,"{'0': 772, '-1': 480, '1': 421}","{'-1': 15, '1': 8, '0': 7}","(0, 1)","{0: 7, 1: 8}",5.51998000492392,1.1026460485412977
155082,1587,SLC2A3,0.1799999999999999,5,"{'-1': 934, '0': 370, '1': 292, '2': 46, '3': 31}","{'0': 13, '-1': 12, '1': 4, '3': 1}","(0, 1)","{0: 13, 1: 4}",3.9187555057161303,1.3367250968154425
155092,1597,SLC2A3,0.1899999999999999,4,"{'-1': 856, '1': 390, '0': 382, '2': 45}","{'1': 13, '-1': 12, '0': 4, '2': 1}","(0, 1)","{0: 4, 1: 13}",4.07149675456146,1.0389356625469433
156323,2828,GNA15,0.2199999999999999,3,"{'0': 976, '-1': 532, '1': 165}","{'0': 14, '-1': 13, '1': 3}","(0, 1)","{0: 14, 1: 3}",3.780469042463944,2.063325935368829
156326,2831,GNA15,0.2299999999999999,3,"{'0': 991, '-1': 477, '1': 205}","{'0': 14, '-1': 13, '1': 3}","(0, 1)","{0: 14, 1: 3}",3.8025750056884178,1.8311688609505936
156329,2834,GNA15,0.2399999999999999,3,"{'0': 1000, '-1': 425, '1': 248}","{'0': 15, '-1': 10, '1': 5}","(0, 1)","{0: 15, 1: 5}",3.8672927046896226,1.5573502695132964
156332,2837,GNA15,0.2499999999999999,3,"{'0': 1007, '-1': 391, '1': 275}","{'0': 16, '-1': 9, '1': 5}","(0, 1)","{0: 16, 1: 5}",3.896859443751936,1.458270495805294
156641,3277,PTPRU,0.1999999999999999,6,"{'-1': 835, '0': 481, '1': 155, '2': 139, '3': 38, '4': 25}","{'-1': 13, '0': 11, '1': 3, '2': 1, '4': 1, '3': 1}","(0, 1)","{0: 11, 1: 3}",3.7552455517377976,1.6809315592518783
157550,4333,BCAT1,0.1799999999999999,7,"{'-1': 775, '1': 398, '0': 373, '3': 61, '2': 32, '4': 24, '5': 10}","{'-1': 17, '0': 7, '3': 3, '1': 2, '2': 1}","(0, 3)","{0: 7, 3: 3}",4.662089408240678,3.1276761539154156
157569,4352,BCAT1,0.1899999999999999,3,"{'-1': 654, '1': 630, '0': 389}","{'-1': 14, '0': 9, '1': 7}","(0, 1)","{0: 9, 1: 7}",4.5375412899421494,1.4630846736859526
157572,4355,BCAT1,0.1999999999999999,3,"{'1': 670, '-1': 603, '0': 400}","{'-1': 12, '0': 9, '1': 9}","(0, 1)","{0: 9, 1: 9}",4.48607528731376,1.278754863955561
157575,4358,BCAT1,0.2099999999999999,3,"{'1': 697, '-1': 569, '0': 407}","{'-1': 12, '0': 9, '1': 9}","(0, 1)","{0: 9, 1: 9}",4.488526158175847,1.0555415634840852
158979,1721,CDH3,0.1899999999999999,4,"{'0': 802, '-1': 721, '1': 120, '2': 30}","{'-1': 20, '0': 7, '1': 3}","(0, 1)","{0: 7, 1: 3}",5.044000053818988,2.61031807499805
158985,1727,CDH3,0.1999999999999999,4,"{'0': 813, '-1': 674, '1': 137, '2': 49}","{'-1': 18, '0': 7, '1': 5}","(0, 1)","{0: 7, 1: 5}",5.05178378356725,2.492138467716401
158991,1733,CDH3,0.2099999999999999,3,"{'0': 823, '-1': 620, '1': 230}","{'-1': 18, '0': 7, '1': 5}","(0, 1)","{0: 7, 1: 5}",5.640132955531128,2.404927471634003
158994,1736,CDH3,0.2199999999999999,3,"{'0': 828, '-1': 568, '1': 277}","{'-1': 17, '0': 8, '1': 5}","(0, 1)","{0: 8, 1: 5}",5.5195708037864435,2.3616742736801184
158997,1739,CDH3,0.2299999999999999,3,"{'0': 842, '-1': 508, '1': 323}","{'-1': 14, '1': 8, '0': 8}","(0, 1)","{0: 8, 1: 8}",5.599097898321555,1.9412243276376413
159000,1742,CDH3,0.2399999999999999,3,"{'0': 853, '-1': 478, '1': 342}","{'-1': 12, '1': 10, '0': 8}","(0, 1)","{0: 8, 1: 10}",5.58019421049279,1.7579615266581758
163264,2052,LIMCH1,0.1799999999999999,6,"{'-1': 898, '1': 382, '0': 228, '2': 83, '3': 42, '4': 40}","{'-1': 19, '0': 6, '1': 3, '4': 1, '2': 1}","(0, 1)","{0: 6, 1: 3}",4.864006671279739,2.8323513936466735
170550,2767,ERBB3,0.1699999999999999,3,"{'-1': 904, '0': 558, '1': 211}","{'-1': 23, '0': 4, '1': 3}","(0, 1)","{0: 4, 1: 3}",5.1316812492304384,2.7195789619691633
170553,2770,ERBB3,0.1799999999999999,4,"{'-1': 758, '0': 603, '1': 292, '2': 20}","{'-1': 16, '1': 8, '0': 6}","(0, 1)","{0: 6, 1: 8}",5.069897930153617,2.2894216703323647
170559,2776,ERBB3,0.1899999999999999,4,"{'-1': 640, '0': 620, '1': 368, '2': 45}","{'-1': 12, '1': 9, '0': 8, '2': 1}","(0, 1)","{0: 8, 1: 9}",4.9640330654999145,1.413210146227837
172810,750,GSTO2,0.1899999999999999,4,"{'-1': 749, '0': 684, '1': 209, '2': 31}","{'-1': 18, '0': 8, '1': 4}","(0, 1)","{0: 8, 1: 4}",3.65423670134878,1.6303779590859515
172816,756,GSTO2,0.1999999999999999,5,"{'0': 708, '-1': 642, '1': 273, '2': 28, '3': 22}","{'-1': 14, '0': 8, '1': 5, '3': 2, '2': 1}","(0, 1)","{0: 8, 1: 5}",3.588290197389059,1.539102806952791
172826,766,GSTO2,0.2099999999999999,3,"{'0': 769, '-1': 578, '1': 326}","{'1': 11, '-1': 10, '0': 9}","(0, 1)","{0: 9, 1: 11}",3.5549621560800952,1.3655059134289669
178701,3206,TMEM98,0.1799999999999999,6,"{'-1': 839, '1': 377, '0': 226, '3': 133, '2': 74, '4': 24}","{'1': 14, '-1': 11, '3': 3, '2': 1, '0': 1}","(1, 3)","{1: 14, 3: 3}",3.79056699306803,2.16533773194666
178717,3222,TMEM98,0.1899999999999999,5,"{'-1': 708, '2': 411, '1': 310, '3': 154, '0': 90}","{'2': 16, '-1': 8, '3': 4, '0': 1, '1': 1}","(2, 3)","{2: 16, 3: 4}",3.6031433547676466,1.8469776941911973
178720,3225,TMEM98,0.1999999999999999,3,"{'-1': 654, '0': 605, '1': 414}","{'1': 16, '-1': 8, '0': 6}","(0, 1)","{0: 6, 1: 16}",5.120282734476593,1.7339057944171476
180485,1537,FGFR2,0.1899999999999999,5,"{'0': 766, '-1': 750, '1': 66, '3': 57, '2': 34}","{'-1': 15, '0': 10, '1': 3, '3': 2}","(0, 1)","{0: 10, 1: 3}",3.8172438659755112,2.162271428898877
180495,1547,FGFR2,0.1999999999999999,6,"{'0': 778, '-1': 673, '1': 78, '3': 59, '2': 55, '4': 30}","{'-1': 15, '0': 10, '1': 3, '3': 2}","(0, 1)","{0: 10, 1: 3}",3.833519594015839,1.9312872499159857
185001,2122,TRO,0.2199999999999999,3,"{'0': 850, '-1': 647, '1': 176}","{'0': 20, '-1': 6, '1': 4}","(0, 1)","{0: 20, 1: 4}",3.1951677530586537,1.3098552625867872
185615,2736,PRKCZ,0.1999999999999999,4,"{'-1': 863, '0': 718, '2': 46, '1': 46}","{'0': 15, '-1': 12, '1': 3}","(0, 1)","{0: 15, 1: 3}",3.7018978502939,1.8452304722635744
185621,2742,PRKCZ,0.2099999999999999,5,"{'-1': 789, '0': 745, '2': 58, '1': 51, '3': 30}","{'0': 15, '-1': 12, '1': 3}","(0, 1)","{0: 15, 1: 3}",3.6545828703618706,1.6734991753228137
185631,2752,PRKCZ,0.2199999999999999,5,"{'0': 796, '-1': 708, '1': 66, '2': 62, '3': 41}","{'0': 17, '-1': 10, '1': 3}","(0, 1)","{0: 17, 1: 3}",3.635564915571755,1.4656635723488118
185641,2762,PRKCZ,0.2299999999999999,5,"{'0': 825, '-1': 620, '1': 164, '2': 43, '3': 21}","{'0': 17, '-1': 10, '1': 3}","(0, 1)","{0: 17, 1: 3}",3.650456026566154,1.2815138264414545
191262,5099,ICA1,0.1799999999999999,5,"{'-1': 939, '1': 384, '0': 209, '3': 75, '2': 66}","{'-1': 21, '1': 4, '0': 4, '2': 1}","(0, 1)","{0: 4, 1: 4}",4.051148633130771,1.9887852125040737
192130,5967,TFPI,0.1699999999999999,5,"{'-1': 1071, '0': 318, '1': 215, '2': 50, '3': 19}","{'-1': 16, '0': 8, '1': 6}","(0, 1)","{0: 8, 1: 6}",5.101394760593204,2.8196193346042464
192140,5977,TFPI,0.1799999999999999,3,"{'-1': 960, '0': 373, '1': 340}","{'-1': 14, '0': 9, '1': 7}","(0, 1)","{0: 9, 1: 7}",5.239990495200629,2.2342496954463855
192143,5980,TFPI,0.1899999999999999,4,"{'-1': 745, '1': 477, '0': 400, '2': 51}","{'-1': 13, '0': 9, '1': 8}","(0, 1)","{0: 9, 1: 8}",5.332776557816844,1.7881187031946868
192149,5986,TFPI,0.1999999999999999,4,"{'-1': 649, '1': 519, '0': 435, '2': 70}","{'-1': 12, '0': 10, '1': 8}","(0, 1)","{0: 10, 1: 8}",5.276193616599929,1.3754717513408368
202000,3619,DAPP1,0.2299999999999999,5,"{'0': 884, '-1': 593, '1': 134, '3': 32, '2': 30}","{'0': 17, '-1': 7, '1': 5, '2': 1}","(0, 1)","{0: 17, 1: 5}",3.498537946439569,1.6397700590698083
202010,3629,DAPP1,0.2399999999999999,5,"{'0': 891, '-1': 559, '1': 156, '2': 37, '3': 30}","{'0': 17, '-1': 6, '1': 6, '2': 1}","(0, 1)","{0: 17, 1: 6}",3.5137082603600573,1.4607557995846796
202020,3639,DAPP1,0.2499999999999999,5,"{'0': 935, '-1': 478, '1': 184, '2': 46, '3': 30}","{'0': 17, '1': 7, '-1': 5, '2': 1}","(0, 1)","{0: 17, 1: 7}",3.4784464907088393,1.3088192158342624
202030,3649,DAPP1,0.2599999999999999,6,"{'0': 947, '-1': 398, '1': 229, '2': 55, '3': 30, '4': 14}","{'0': 17, '1': 7, '-1': 3, '2': 2, '4': 1}","(0, 1)","{0: 17, 1: 7}",3.5254640711512173,1.0517614276897416
209767,43,CYBRD1,0.1999999999999999,3,"{'-1': 727, '1': 668, '0': 278}","{'1': 16, '-1': 11, '0': 3}","(0, 1)","{0: 3, 1: 16}",4.333687827551519,1.1684536142256443
209770,46,CYBRD1,0.2099999999999999,3,"{'1': 709, '-1': 677, '0': 287}","{'1': 17, '-1': 10, '0': 3}","(0, 1)","{0: 3, 1: 17}",4.353879574611578,1.1100894517116555
209773,49,CYBRD1,0.2199999999999999,3,"{'1': 733, '-1': 640, '0': 300}","{'1': 17, '-1': 10, '0': 3}","(0, 1)","{0: 3, 1: 17}",4.332433677029808,1.027136129937514
220862,3904,PPP2R2C,0.2299999999999999,4,"{'0': 932, '-1': 535, '2': 143, '1': 63}","{'-1': 15, '0': 12, '2': 3}","(0, 2)","{0: 12, 2: 3}",3.645186337623988,1.2085402261901534
222116,628,MGLL,0.1999999999999999,3,"{'-1': 742, '0': 705, '1': 226}","{'-1': 14, '0': 13, '1': 3}","(0, 1)","{0: 13, 1: 3}",4.437690152185291,1.175961391172981
222119,631,MGLL,0.2099999999999999,3,"{'0': 738, '-1': 690, '1': 245}","{'0': 14, '-1': 13, '1': 3}","(0, 1)","{0: 14, 1: 3}",4.4073161030159484,1.108813487138925
242228,2790,FGFR1,0.1899999999999999,6,"{'-1': 846, '0': 596, '1': 129, '4': 44, '2': 40, '3': 18}","{'-1': 14, '0': 12, '4': 3, '1': 1}","(0, 4)","{0: 12, 4: 3}",4.739991266238801,1.6822597020760717
242240,2802,FGFR1,0.1999999999999999,4,"{'-1': 750, '0': 676, '1': 188, '2': 59}","{'0': 15, '-1': 11, '1': 4}","(0, 1)","{0: 15, 1: 4}",4.708792812997327,1.224759435880364
249355,2109,LXN,0.1599999999999999,3,"{'-1': 1071, '1': 461, '0': 141}","{'-1': 20, '1': 7, '0': 3}","(0, 1)","{0: 3, 1: 7}",3.4473274255391004,2.09456300153298
249358,2112,LXN,0.1699999999999999,6,"{'-1': 930, '1': 482, '0': 168, '2': 41, '4': 27, '3': 25}","{'-1': 20, '1': 7, '0': 3}","(0, 1)","{0: 3, 1: 7}",3.4548740603433834,1.9347696281839553
249373,2127,LXN,0.1799999999999999,3,"{'-1': 831, '1': 524, '0': 318}","{'-1': 17, '1': 9, '0': 4}","(0, 1)","{0: 4, 1: 9}",3.734612770652393,1.5877236403982131
249376,2130,LXN,0.1899999999999999,3,"{'-1': 769, '1': 527, '0': 377}","{'-1': 16, '1': 9, '0': 5}","(0, 1)","{0: 5, 1: 9}",3.629512155161234,1.3740401274066527
249379,2133,LXN,0.1999999999999999,4,"{'-1': 705, '1': 535, '0': 416, '2': 17}","{'-1': 14, '1': 9, '0': 6, '2': 1}","(0, 1)","{0: 6, 1: 9}",3.6127165658131366,1.338047760250639
256407,967,ARSD,0.1899999999999999,3,"{'0': 744, '-1': 726, '1': 203}","{'0': 15, '-1': 12, '1': 3}","(0, 1)","{0: 15, 1: 3}",3.40368513932061,1.5342092002565215
256410,970,ARSD,0.1999999999999999,3,"{'0': 800, '-1': 640, '1': 233}","{'0': 15, '-1': 11, '1': 4}","(0, 1)","{0: 15, 1: 4}",3.3931147475616816,1.3028473533216574
257011,2025,PRSS21,0.3099999999999999,3,"{'0': 1234, '-1': 329, '1': 110}","{'0': 24, '-1': 3, '1': 3}","(0, 1)","{0: 24, 1: 3}",4.970621316957969,2.398933480603537
257014,2028,PRSS21,0.3199999999999999,3,"{'0': 1237, '-1': 311, '1': 125}","{'0': 24, '-1': 3, '1': 3}","(0, 1)","{0: 24, 1: 3}",4.932837208258085,2.2227902415625698
257017,2031,PRSS21,0.3299999999999999,3,"{'0': 1238, '-1': 299, '1': 136}","{'0': 24, '-1': 3, '1': 3}","(0, 1)","{0: 24, 1: 3}",4.85839017963869,1.944789813042326
257020,2034,PRSS21,0.3399999999999998,4,"{'0': 1240, '-1': 259, '1': 142, '2': 32}","{'0': 24, '-1': 3, '1': 3}","(0, 1)","{0: 24, 1: 3}",4.86788541448503,1.944789813042326
257030,2044,PRSS21,0.3499999999999998,5,"{'1': 1241, '-1': 215, '2': 145, '0': 43, '3': 29}","{'1': 24, '-1': 3, '2': 3}","(1, 2)","{1: 24, 2: 3}",4.854793223881314,1.837874609125814
257040,2054,PRSS21,0.3599999999999999,5,"{'1': 1238, '-1': 187, '2': 168, '0': 50, '3': 30}","{'1': 24, '-1': 3, '2': 3}","(1, 2)","{1: 24, 2: 3}",4.99077819366839,1.6725123797707369
257046,2060,PRSS21,0.3699999999999999,4,"{'0': 1291, '1': 181, '-1': 165, '2': 36}","{'0': 24, '1': 4, '-1': 2}","(0, 1)","{0: 24, 1: 4}",5.022065592236969,1.441973719732649
257052,2066,PRSS21,0.3799999999999999,3,"{'0': 1298, '1': 227, '-1': 148}","{'0': 24, '1': 4, '-1': 2}","(0, 1)","{0: 24, 1: 4}",5.266546525199359,1.3347142498432056
257055,2069,PRSS21,0.3899999999999998,3,"{'0': 1303, '1': 235, '-1': 135}","{'0': 25, '1': 4, '-1': 1}","(0, 1)","{0: 25, 1: 4}",5.27199955455029,1.160059648316108
263111,3170,MGST1,0.2099999999999999,3,"{'0': 855, '-1': 527, '1': 291}","{'0': 18, '-1': 9, '1': 3}","(0, 1)","{0: 18, 1: 3}",7.466558425629285,3.450945152749469
263114,3173,MGST1,0.2199999999999999,4,"{'0': 874, '-1': 482, '1': 293, '2': 24}","{'0': 18, '-1': 8, '1': 3, '2': 1}","(0, 1)","{0: 18, 1: 3}",7.442467927444456,3.378586202335186
263120,3179,MGST1,0.2299999999999999,3,"{'0': 928, '-1': 447, '1': 298}","{'0': 20, '-1': 7, '1': 3}","(0, 1)","{0: 20, 1: 3}",7.374021802917473,2.9751759158542663
263123,3182,MGST1,0.2399999999999999,3,"{'0': 961, '-1': 399, '1': 313}","{'0': 23, '-1': 4, '1': 3}","(0, 1)","{0: 23, 1: 3}",7.29369844736504,2.439596859198251
263126,3185,MGST1,0.2499999999999999,3,"{'0': 983, '-1': 365, '1': 325}","{'0': 24, '1': 4, '-1': 2}","(0, 1)","{0: 24, 1: 4}",7.250999170247093,2.439596859198251
263129,3188,MGST1,0.2599999999999999,3,"{'0': 996, '-1': 346, '1': 331}","{'0': 24, '1': 4, '-1': 2}","(0, 1)","{0: 24, 1: 4}",7.242119769532875,2.439596859198251
263132,3191,MGST1,0.2699999999999999,3,"{'0': 1012, '1': 333, '-1': 328}","{'0': 24, '1': 4, '-1': 2}","(0, 1)","{0: 24, 1: 4}",7.192697602204567,1.8695852437839569
263135,3194,MGST1,0.2799999999999999,3,"{'0': 1022, '1': 343, '-1': 308}","{'0': 24, '1': 4, '-1': 2}","(0, 1)","{0: 24, 1: 4}",7.183040635079985,1.8695852437839569
263138,3197,MGST1,0.2899999999999999,3,"{'0': 1039, '1': 348, '-1': 286}","{'0': 24, '1': 4, '-1': 2}","(0, 1)","{0: 24, 1: 4}",7.162442426140576,1.4410478265186293
263897,4223,IL32,0.1899999999999999,6,"{'-1': 869, '0': 394, '1': 262, '2': 85, '3': 39, '4': 24}","{'-1': 18, '0': 8, '1': 3, '3': 1}","(0, 1)","{0: 8, 1: 3}",6.253200092581307,2.809716512110044
269955,2605,MRC2,0.1899999999999999,4,"{'-1': 843, '0': 405, '1': 340, '2': 85}","{'-1': 18, '1': 7, '0': 4, '2': 1}","(0, 1)","{0: 4, 1: 7}",3.9767667463539182,1.1996376650839349
278233,2947,GPRC5A,0.1599999999999999,3,"{'-1': 1033, '0': 349, '1': 291}","{'-1': 18, '1': 9, '0': 3}","(0, 1)","{0: 3, 1: 9}",5.895925187088225,3.5774649681437403
278236,2950,GPRC5A,0.1699999999999999,3,"{'-1': 932, '1': 380, '0': 361}","{'-1': 17, '1': 10, '0': 3}","(0, 1)","{0: 3, 1: 10}",5.809670992644763,3.323997464174826
278239,2953,GPRC5A,0.1799999999999999,4,"{'-1': 793, '1': 474, '0': 370, '2': 36}","{'-1': 15, '1': 12, '0': 3}","(0, 1)","{0: 3, 1: 12}",5.795094350923359,2.393186778057184
278245,2959,GPRC5A,0.1899999999999999,3,"{'-1': 698, '1': 596, '0': 379}","{'-1': 15, '1': 12, '0': 3}","(0, 1)","{0: 3, 1: 12}",5.811819953480225,2.0030404543200513
278248,2962,GPRC5A,0.1999999999999999,4,"{'1': 657, '-1': 594, '0': 383, '2': 39}","{'-1': 14, '1': 13, '0': 3}","(0, 1)","{0: 3, 1: 13}",5.7861333080802515,1.7977572782849591
284074,1409,SNAI2,0.1699999999999999,3,"{'-1': 869, '1': 528, '0': 276}","{'-1': 22, '1': 5, '0': 3}","(0, 1)","{0: 3, 1: 5}",4.664221970988973,2.297423131378715
284077,1412,SNAI2,0.1799999999999999,3,"{'-1': 831, '1': 546, '0': 296}","{'-1': 22, '1': 5, '0': 3}","(0, 1)","{0: 3, 1: 5}",4.648651545467257,2.1877986402042167
284080,1415,SNAI2,0.1899999999999999,3,"{'-1': 778, '1': 548, '0': 347}","{'-1': 20, '1': 6, '0': 4}","(0, 1)","{0: 4, 1: 6}",4.7195320924027,2.039908721436636
284083,1418,SNAI2,0.1999999999999999,3,"{'-1': 672, '1': 568, '0': 433}","{'-1': 17, '0': 7, '1': 6}","(0, 1)","{0: 7, 1: 6}",4.517296611015607,1.3439544012173614
285929,3264,SERPINB1,0.2499999999999999,3,"{'0': 1088, '-1': 460, '1': 125}","{'0': 22, '-1': 5, '1': 3}","(0, 1)","{0: 22, 1: 3}",4.9060264573141605,1.3687819083179715
285932,3267,SERPINB1,0.2599999999999999,3,"{'0': 1101, '-1': 433, '1': 139}","{'0': 22, '-1': 5, '1': 3}","(0, 1)","{0: 22, 1: 3}",4.901805673706447,1.2821662660119906
285935,3270,SERPINB1,0.2699999999999999,3,"{'0': 1118, '-1': 414, '1': 141}","{'0': 22, '-1': 5, '1': 3}","(0, 1)","{0: 22, 1: 3}",4.882966222864055,1.2751798356958832
285938,3273,SERPINB1,0.2799999999999999,3,"{'0': 1131, '-1': 389, '1': 153}","{'0': 22, '-1': 5, '1': 3}","(0, 1)","{0: 22, 1: 3}",4.8351270706866405,1.2339571729693706
285941,3276,SERPINB1,0.2899999999999999,3,"{'0': 1158, '-1': 352, '1': 163}","{'0': 22, '-1': 5, '1': 3}","(0, 1)","{0: 22, 1: 3}",4.830825157967036,1.2339571729693706
286846,148,FHL1,0.1699999999999999,3,"{'-1': 1059, '1': 337, '0': 277}","{'-1': 21, '1': 6, '0': 3}","(0, 1)","{0: 3, 1: 6}",4.335356434807339,2.116386574551139
286849,151,FHL1,0.1799999999999999,3,"{'-1': 959, '0': 364, '1': 350}","{'-1': 17, '0': 7, '1': 6}","(0, 1)","{0: 7, 1: 6}",4.340916264409593,1.5703651245081982
287283,585,NLRP2,0.2099999999999999,3,"{'0': 992, '-1': 552, '1': 129}","{'0': 16, '-1': 11, '1': 3}","(0, 1)","{0: 16, 1: 3}",4.66252138966415,2.732535441746437
287286,588,NLRP2,0.2199999999999999,3,"{'0': 992, '-1': 498, '1': 183}","{'0': 16, '-1': 11, '1': 3}","(0, 1)","{0: 16, 1: 3}",4.580824724131837,2.465604905938016
287289,591,NLRP2,0.2299999999999999,3,"{'0': 995, '-1': 461, '1': 217}","{'0': 17, '-1': 9, '1': 4}","(0, 1)","{0: 17, 1: 4}",4.5141753555117905,2.4121656469765553
287292,594,NLRP2,0.2399999999999999,3,"{'0': 1005, '-1': 429, '1': 239}","{'0': 17, '-1': 9, '1': 4}","(0, 1)","{0: 17, 1: 4}",4.451968294029925,1.9060540081447233
287295,597,NLRP2,0.2499999999999999,3,"{'0': 1009, '-1': 396, '1': 268}","{'0': 17, '-1': 7, '1': 6}","(0, 1)","{0: 17, 1: 6}",4.470455985184674,1.9060540081447233
287298,600,NLRP2,0.2599999999999999,3,"{'0': 1013, '-1': 372, '1': 288}","{'0': 17, '1': 7, '-1': 6}","(0, 1)","{0: 17, 1: 7}",4.486781781916318,1.8267315554833177
287301,603,NLRP2,0.2699999999999999,3,"{'0': 1018, '-1': 349, '1': 306}","{'0': 17, '1': 7, '-1': 6}","(0, 1)","{0: 17, 1: 7}",4.457343596364031,1.600644122953426
287304,606,NLRP2,0.2799999999999999,3,"{'0': 1024, '-1': 327, '1': 322}","{'0': 17, '1': 8, '-1': 5}","(0, 1)","{0: 17, 1: 8}",4.416604353938018,1.172923745072148
287307,609,NLRP2,0.2899999999999999,3,"{'0': 1030, '1': 328, '-1': 315}","{'0': 17, '1': 9, '-1': 4}","(0, 1)","{0: 17, 1: 9}",4.44095277914363,1.172923745072148
287310,612,NLRP2,0.2999999999999999,3,"{'0': 1034, '1': 336, '-1': 303}","{'0': 17, '1': 9, '-1': 4}","(0, 1)","{0: 17, 1: 9}",4.4369273023030855,1.0193005559589363
287313,615,NLRP2,0.3099999999999999,3,"{'0': 1039, '1': 344, '-1': 290}","{'0': 17, '1': 9, '-1': 4}","(0, 1)","{0: 17, 1: 9}",4.411746784697879,1.00242673739454
287316,618,NLRP2,0.3199999999999999,3,"{'0': 1046, '1': 348, '-1': 279}","{'0': 17, '1': 9, '-1': 4}","(0, 1)","{0: 17, 1: 9}",4.41515917986596,1.00242673739454
288937,2239,BIRC3,0.1799999999999999,7,"{'-1': 973, '0': 377, '1': 111, '3': 84, '5': 52, '2': 41, '4': 35}","{'-1': 18, '1': 5, '0': 3, '4': 2, '5': 1, '3': 1}","(0, 1)","{0: 3, 1: 5}",3.71650110416728,1.6513049955498529
290697,3999,EHD2,0.1399999999999999,4,"{'-1': 1219, '0': 249, '1': 179, '2': 26}","{'-1': 23, '0': 4, '1': 3}","(0, 1)","{0: 4, 1: 3}",5.212671007059337,3.679717300345739
290703,4005,EHD2,0.1499999999999999,4,"{'-1': 1093, '1': 280, '0': 262, '2': 38}","{'-1': 18, '1': 8, '0': 4}","(0, 1)","{0: 4, 1: 8}",5.195152845835769,3.4205989729435435
290709,4011,EHD2,0.1599999999999999,3,"{'-1': 997, '1': 386, '0': 290}","{'-1': 17, '1': 9, '0': 4}","(0, 1)","{0: 4, 1: 9}",5.205946096712577,3.0117329614660164
290712,4014,EHD2,0.1699999999999999,3,"{'-1': 858, '1': 495, '0': 320}","{'-1': 16, '1': 9, '0': 5}","(0, 1)","{0: 5, 1: 9}",4.963793834873333,2.065170438941281
290715,4017,EHD2,0.1799999999999999,3,"{'-1': 792, '1': 536, '0': 345}","{'-1': 14, '1': 11, '0': 5}","(0, 1)","{0: 5, 1: 11}",4.987307387270371,1.9660906652332784
290718,4020,EHD2,0.1899999999999999,3,"{'-1': 722, '1': 585, '0': 366}","{'1': 12, '-1': 12, '0': 6}","(0, 1)","{0: 6, 1: 12}",4.908695646645422,1.5642310591370694
290721,4023,EHD2,0.1999999999999999,4,"{'-1': 639, '1': 607, '0': 371, '2': 56}","{'1': 12, '-1': 11, '0': 6, '2': 1}","(0, 1)","{0: 6, 1: 12}",4.92463791038587,1.5642310591370694
292561,1378,VIM,0.2099999999999999,3,"{'0': 825, '-1': 590, '1': 258}","{'-1': 15, '0': 10, '1': 5}","(0, 1)","{0: 10, 1: 5}",7.942913529787962,1.6434995771732783
292564,1381,VIM,0.2199999999999999,3,"{'0': 877, '-1': 509, '1': 287}","{'0': 12, '-1': 12, '1': 6}","(0, 1)","{0: 12, 1: 6}",7.796479889876743,1.1382718001722203
302317,653,APBA2,0.1799999999999999,3,"{'-1': 852, '1': 600, '0': 221}","{'-1': 18, '1': 8, '0': 4}","(0, 1)","{0: 4, 1: 8}",3.1461256410014027,1.7052567344388676
302320,656,APBA2,0.1899999999999999,3,"{'-1': 747, '1': 613, '0': 313}","{'-1': 15, '1': 8, '0': 7}","(0, 1)","{0: 7, 1: 8}",3.140046726416818,1.5458463704547707
302323,659,APBA2,0.1999999999999999,3,"{'-1': 674, '1': 632, '0': 367}","{'-1': 14, '0': 8, '1': 8}","(0, 1)","{0: 8, 1: 8}",3.13217834932881,1.408464845355358
302326,662,APBA2,0.2099999999999999,3,"{'1': 642, '-1': 618, '0': 413}","{'-1': 13, '0': 9, '1': 8}","(0, 1)","{0: 9, 1: 8}",3.1440788843062055,1.3554806545983888
307634,2823,CDH1,0.1699999999999999,3,"{'0': 732, '-1': 639, '1': 302}","{'-1': 15, '0': 9, '1': 6}","(0, 1)","{0: 9, 1: 6}",6.590819203277042,3.8492173089711734
307637,2826,CDH1,0.1799999999999999,3,"{'0': 754, '-1': 576, '1': 343}","{'-1': 12, '1': 9, '0': 9}","(0, 1)","{0: 9, 1: 9}",6.605240150678373,3.74451993030448
307640,2829,CDH1,0.1899999999999999,3,"{'0': 765, '-1': 532, '1': 376}","{'-1': 11, '1': 10, '0': 9}","(0, 1)","{0: 9, 1: 10}",6.495392166928416,3.2685311034141016
307643,2832,CDH1,0.1999999999999999,3,"{'0': 771, '-1': 510, '1': 392}","{'-1': 11, '1': 10, '0': 9}","(0, 1)","{0: 9, 1: 10}",6.480368775138996,3.186396513940906
307646,2835,CDH1,0.2099999999999999,3,"{'0': 780, '-1': 473, '1': 420}","{'1': 12, '-1': 9, '0': 9}","(0, 1)","{0: 9, 1: 12}",6.457631132636534,3.001445827788511
307649,2838,CDH1,0.2199999999999999,3,"{'0': 793, '1': 452, '-1': 428}","{'1': 12, '-1': 9, '0': 9}","(0, 1)","{0: 9, 1: 12}",6.3471924274792215,2.216695691166924
307652,2841,CDH1,0.2299999999999999,3,"{'0': 809, '1': 474, '-1': 390}","{'1': 12, '-1': 9, '0': 9}","(0, 1)","{0: 9, 1: 12}",6.256932519029342,1.7346943994350874
310621,1934,TNC,0.1799999999999999,5,"{'-1': 881, '1': 618, '0': 128, '2': 25, '3': 21}","{'-1': 19, '1': 5, '0': 4, '3': 2}","(0, 1)","{0: 4, 1: 5}",5.9623336507564755,2.899786208908568
310631,1944,TNC,0.1899999999999999,5,"{'-1': 718, '1': 635, '0': 248, '2': 42, '3': 30}","{'-1': 18, '0': 7, '1': 5}","(0, 1)","{0: 7, 1: 5}",5.778707134661126,1.297336106704971
319282,1139,KITLG,0.1599999999999999,7,"{'-1': 1026, '3': 232, '1': 215, '2': 103, '0': 48, '5': 37, '4': 12}","{'-1': 16, '3': 8, '1': 3, '2': 3}","(1, 3)","{1: 3, 3: 8}",3.898009064713289,2.1753670865105605
320312,2300,EPN3,0.2299999999999999,4,"{'0': 1002, '-1': 466, '1': 172, '2': 33}","{'-1': 14, '0': 13, '1': 3}","(0, 1)","{0: 13, 1: 3}",3.425748138412772,1.131529622705302
320318,2306,EPN3,0.2399999999999999,3,"{'0': 1045, '-1': 433, '1': 195}","{'-1': 14, '0': 13, '1': 3}","(0, 1)","{0: 13, 1: 3}",3.4455823516192785,1.036372389664962
322624,851,PRSS22,0.2099999999999999,3,"{'0': 972, '-1': 581, '1': 120}","{'-1': 16, '0': 10, '1': 4}","(0, 1)","{0: 10, 1: 4}",5.0683386695352866,3.1787219496794714
322627,854,PRSS22,0.2199999999999999,5,"{'0': 976, '-1': 498, '1': 142, '2': 38, '3': 19}","{'-1': 16, '0': 10, '1': 4}","(0, 1)","{0: 10, 1: 4}",5.146188206614585,3.022856613656843
322637,864,PRSS22,0.2299999999999999,5,"{'0': 1012, '-1': 403, '1': 162, '2': 74, '3': 22}","{'-1': 13, '0': 10, '1': 4, '3': 3}","(0, 1)","{0: 10, 1: 4}",5.134293669138618,2.6713452378251477
322639,866,PRSS22,0.2299999999999999,5,"{'0': 1012, '-1': 403, '1': 162, '2': 74, '3': 22}","{'-1': 13, '0': 10, '1': 4, '3': 3}","(0, 3)","{0: 10, 3: 3}",6.062719404973153,4.361843348301645
322647,874,PRSS22,0.2399999999999999,3,"{'0': 1021, '-1': 339, '1': 313}","{'0': 12, '1': 10, '-1': 8}","(0, 1)","{0: 12, 1: 10}",4.766034083043915,1.3846638502353246
322650,877,PRSS22,0.2499999999999999,3,"{'0': 1031, '1': 336, '-1': 306}","{'0': 12, '1': 10, '-1': 8}","(0, 1)","{0: 12, 1: 10}",4.804613543357273,1.3168212044542735
322653,880,PRSS22,0.2599999999999999,3,"{'0': 1036, '1': 350, '-1': 287}","{'1': 12, '0': 12, '-1': 6}","(0, 1)","{0: 12, 1: 12}",4.792792337207815,1.181771244290421
324784,3413,COPZ2,0.1599999999999999,5,"{'-1': 1084, '0': 365, '1': 119, '2': 71, '3': 34}","{'-1': 19, '0': 6, '2': 3, '1': 2}","(0, 2)","{0: 6, 2: 3}",3.1524416858647446,1.5952454739830169
324793,3422,COPZ2,0.1699999999999999,5,"{'-1': 991, '1': 381, '2': 143, '0': 93, '3': 65}","{'-1': 17, '1': 7, '2': 3, '0': 3}","(0, 1)","{0: 3, 1: 7}",3.127173598957352,1.5065012621529374
324797,3426,COPZ2,0.1699999999999999,5,"{'-1': 991, '1': 381, '2': 143, '0': 93, '3': 65}","{'-1': 17, '1': 7, '2': 3, '0': 3}","(1, 2)","{1: 7, 2: 3}",4.327011366263504,2.80647010446416
325698,189,ARHGEF5,0.1499999999999999,3,"{'-1': 995, '0': 364, '1': 314}","{'-1': 20, '0': 6, '1': 4}","(0, 1)","{0: 6, 1: 4}",3.921045916689588,2.4052031391742683
325701,192,ARHGEF5,0.1599999999999999,3,"{'-1': 933, '0': 376, '1': 364}","{'-1': 19, '0': 6, '1': 5}","(0, 1)","{0: 6, 1: 5}",3.897887124730536,2.276190415891297
325704,195,ARHGEF5,0.1699999999999999,4,"{'-1': 832, '1': 427, '0': 396, '2': 18}","{'-1': 17, '1': 7, '0': 6}","(0, 1)","{0: 6, 1: 7}",3.892121292037865,2.036758550010118
325710,201,ARHGEF5,0.1799999999999999,3,"{'-1': 773, '1': 469, '0': 431}","{'-1': 15, '1': 9, '0': 6}","(0, 1)","{0: 6, 1: 9}",3.9136802235846058,2.0182622063927287
325713,204,ARHGEF5,0.1899999999999999,4,"{'-1': 694, '1': 513, '0': 438, '2': 28}","{'-1': 12, '1': 11, '0': 6, '2': 1}","(0, 1)","{0: 6, 1: 11}",3.870088918603654,1.7921951148865984
325719,210,ARHGEF5,0.1999999999999999,4,"{'-1': 642, '1': 531, '0': 442, '2': 58}","{'1': 13, '-1': 10, '0': 6, '2': 1}","(0, 1)","{0: 6, 1: 13}",3.8622874299576417,1.7768743156028424
328099,2842,CYBA,0.2399999999999999,3,"{'0': 1056, '-1': 441, '1': 176}","{'0': 19, '-1': 7, '1': 4}","(0, 1)","{0: 19, 1: 4}",6.9603984132846115,2.837334079550474
328102,2845,CYBA,0.2499999999999999,4,"{'0': 1081, '-1': 384, '1': 188, '2': 20}","{'0': 19, '-1': 6, '1': 4, '2': 1}","(0, 1)","{0: 19, 1: 4}",6.906366017383745,2.292086083358437
328108,2851,CYBA,0.2599999999999999,3,"{'0': 1132, '-1': 340, '1': 201}","{'0': 20, '-1': 5, '1': 5}","(0, 1)","{0: 20, 1: 5}",6.806723371134011,1.6840569156538918
328111,2854,CYBA,0.2699999999999999,3,"{'0': 1144, '-1': 326, '1': 203}","{'0': 20, '-1': 5, '1': 5}","(0, 1)","{0: 20, 1: 5}",6.792316004594059,1.564174028050012
328114,2857,CYBA,0.2799999999999999,3,"{'0': 1169, '-1': 294, '1': 210}","{'0': 20, '-1': 5, '1': 5}","(0, 1)","{0: 20, 1: 5}",6.757294981157531,1.2259262750100093
328117,2860,CYBA,0.2899999999999999,3,"{'0': 1184, '-1': 266, '1': 223}","{'0': 20, '-1': 5, '1': 5}","(0, 1)","{0: 20, 1: 5}",6.722685905890222,1.148981741469814
328874,3617,PRSS8,0.1799999999999999,3,"{'0': 946, '-1': 557, '1': 170}","{'-1': 17, '0': 9, '1': 4}","(0, 1)","{0: 9, 1: 4}",5.904920621091318,3.783980413683795
328877,3620,PRSS8,0.1899999999999999,3,"{'0': 956, '-1': 497, '1': 220}","{'-1': 12, '0': 10, '1': 8}","(0, 1)","{0: 10, 1: 8}",5.884650357238248,3.513393564958201
328880,3623,PRSS8,0.1999999999999999,3,"{'0': 958, '-1': 468, '1': 247}","{'-1': 11, '0': 10, '1': 9}","(0, 1)","{0: 10, 1: 9}",5.873008897789308,3.218423519133502
328883,3626,PRSS8,0.2099999999999999,3,"{'0': 960, '-1': 443, '1': 270}","{'-1': 11, '0': 10, '1': 9}","(0, 1)","{0: 10, 1: 9}",5.916542611799771,3.070389327891398
328886,3629,PRSS8,0.2199999999999999,3,"{'0': 968, '-1': 413, '1': 292}","{'1': 11, '0': 10, '-1': 9}","(0, 1)","{0: 10, 1: 11}",5.905598658736917,2.8004222078957195
328889,3632,PRSS8,0.2299999999999999,3,"{'0': 973, '-1': 380, '1': 320}","{'1': 11, '0': 10, '-1': 9}","(0, 1)","{0: 10, 1: 11}",5.823107066257655,2.3496129718245222
328892,3635,PRSS8,0.2399999999999999,3,"{'0': 986, '-1': 347, '1': 340}","{'1': 13, '0': 10, '-1': 7}","(0, 1)","{0: 10, 1: 13}",5.8051573941986145,2.3496129718245222
328895,3638,PRSS8,0.2499999999999999,3,"{'0': 989, '1': 351, '-1': 333}","{'1': 14, '0': 10, '-1': 6}","(0, 1)","{0: 10, 1: 14}",5.784342373533858,2.14418358898575
328898,3641,PRSS8,0.2599999999999999,3,"{'0': 990, '1': 359, '-1': 324}","{'1': 14, '0': 10, '-1': 6}","(0, 1)","{0: 10, 1: 14}",5.788166032354752,2.14418358898575
328901,3644,PRSS8,0.2699999999999999,3,"{'0': 998, '1': 379, '-1': 296}","{'1': 14, '0': 10, '-1': 6}","(0, 1)","{0: 10, 1: 14}",5.742657398337582,2.0646011755299902
328904,3647,PRSS8,0.2799999999999999,3,"{'0': 1021, '1': 385, '-1': 267}","{'1': 14, '0': 11, '-1': 5}","(0, 1)","{0: 11, 1: 14}",5.724624779047063,1.688183221079926
328907,3650,PRSS8,0.2899999999999999,3,"{'0': 1021, '1': 399, '-1': 253}","{'1': 14, '0': 11, '-1': 5}","(0, 1)","{0: 11, 1: 14}",5.7082619804039405,1.4817323436125
328910,3653,PRSS8,0.2999999999999999,3,"{'0': 1021, '1': 405, '-1': 247}","{'1': 14, '0': 11, '-1': 5}","(0, 1)","{0: 11, 1: 14}",5.683725002197024,1.3226658576448809
328913,3656,PRSS8,0.3099999999999999,3,"{'0': 1026, '1': 418, '-1': 229}","{'1': 14, '0': 11, '-1': 5}","(0, 1)","{0: 11, 1: 14}",5.6455911612468945,1.3226658576448809
328916,3659,PRSS8,0.3199999999999999,3,"{'0': 1030, '1': 426, '-1': 217}","{'1': 14, '0': 11, '-1': 5}","(0, 1)","{0: 11, 1: 14}",5.62699437373522,1.1066516257590442
328919,3662,PRSS8,0.3299999999999999,3,"{'0': 1035, '1': 431, '-1': 207}","{'1': 14, '0': 11, '-1': 5}","(0, 1)","{0: 11, 1: 14}",5.624628162014903,1.1066516257590442
330645,1431,LAMA3,0.1999999999999999,6,"{'-1': 649, '0': 506, '2': 283, '4': 109, '3': 75, '1': 51}","{'-1': 12, '0': 8, '4': 5, '2': 3, '1': 1, '3': 1}","(0, 2)","{0: 8, 2: 3}",4.552768847851815,1.668116186410319
337782,958,PKP2,0.1499999999999999,3,"{'-1': 1154, '0': 420, '1': 99}","{'-1': 21, '0': 5, '1': 4}","(0, 1)","{0: 5, 1: 4}",4.187384582899796,3.235888263820671
337785,961,PKP2,0.1599999999999999,4,"{'-1': 1053, '0': 434, '1': 114, '2': 72}","{'-1': 20, '0': 5, '1': 4, '2': 1}","(0, 1)","{0: 5, 1: 4}",4.177697341801816,3.143965774379632
337791,967,PKP2,0.1699999999999999,4,"{'-1': 972, '0': 450, '1': 233, '2': 18}","{'-1': 19, '1': 6, '0': 5}","(0, 1)","{0: 5, 1: 6}",3.7914927937220417,2.0469044645905696
337797,973,PKP2,0.1799999999999999,4,"{'-1': 878, '0': 463, '1': 302, '2': 30}","{'-1': 17, '1': 7, '0': 6}","(0, 1)","{0: 6, 1: 7}",3.649097614915547,1.7858751946471525
337803,979,PKP2,0.1899999999999999,4,"{'-1': 779, '0': 477, '1': 377, '2': 40}","{'-1': 15, '1': 8, '0': 6, '2': 1}","(0, 1)","{0: 6, 1: 8}",3.663451772182053,1.406424368974136
337809,985,PKP2,0.1999999999999999,4,"{'-1': 716, '0': 483, '1': 432, '2': 42}","{'-1': 14, '1': 9, '0': 6, '2': 1}","(0, 1)","{0: 6, 1: 9}",3.66408394703152,1.2918708610311829
339089,2510,LAMC2,0.1899999999999999,5,"{'0': 716, '-1': 697, '1': 188, '3': 37, '2': 35}","{'-1': 19, '0': 6, '1': 3, '3': 2}","(0, 1)","{0: 6, 1: 3}",6.2471633369748325,3.200049766693556
339099,2520,LAMC2,0.1999999999999999,4,"{'0': 736, '-1': 585, '1': 341, '2': 11}","{'-1': 17, '1': 7, '0': 6}","(0, 1)","{0: 6, 1: 7}",5.668048539395654,1.436487859150218
339105,2526,LAMC2,0.2099999999999999,3,"{'0': 761, '-1': 544, '1': 368}","{'-1': 15, '1': 8, '0': 7}","(0, 1)","{0: 7, 1: 8}",5.63371361999949,1.2364100237013051
339108,2529,LAMC2,0.2199999999999999,3,"{'0': 772, '-1': 480, '1': 421}","{'-1': 15, '1': 8, '0': 7}","(0, 1)","{0: 7, 1: 8}",5.51998000492392,1.1026460485412977
342235,1587,SLC2A3,0.1799999999999999,5,"{'-1': 934, '0': 370, '1': 292, '2': 46, '3': 31}","{'0': 13, '-1': 12, '1': 4, '3': 1}","(0, 1)","{0: 13, 1: 4}",3.9187555057161303,1.3367250968154425
342245,1597,SLC2A3,0.1899999999999999,4,"{'-1': 856, '1': 390, '0': 382, '2': 45}","{'1': 13, '-1': 12, '0': 4, '2': 1}","(0, 1)","{0: 4, 1: 13}",4.07149675456146,1.0389356625469433
343476,2828,GNA15,0.2199999999999999,3,"{'0': 976, '-1': 532, '1': 165}","{'0': 14, '-1': 13, '1': 3}","(0, 1)","{0: 14, 1: 3}",3.780469042463944,2.063325935368829
343479,2831,GNA15,0.2299999999999999,3,"{'0': 991, '-1': 477, '1': 205}","{'0': 14, '-1': 13, '1': 3}","(0, 1)","{0: 14, 1: 3}",3.8025750056884178,1.8311688609505936
343482,2834,GNA15,0.2399999999999999,3,"{'0': 1000, '-1': 425, '1': 248}","{'0': 15, '-1': 10, '1': 5}","(0, 1)","{0: 15, 1: 5}",3.8672927046896226,1.5573502695132964
343485,2837,GNA15,0.2499999999999999,3,"{'0': 1007, '-1': 391, '1': 275}","{'0': 16, '-1': 9, '1': 5}","(0, 1)","{0: 16, 1: 5}",3.896859443751936,1.458270495805294
343794,3277,PTPRU,0.1999999999999999,6,"{'-1': 835, '0': 481, '1': 155, '2': 139, '3': 38, '4': 25}","{'-1': 13, '0': 11, '1': 3, '2': 1, '4': 1, '3': 1}","(0, 1)","{0: 11, 1: 3}",3.7552455517377976,1.6809315592518783
344703,4333,BCAT1,0.1799999999999999,7,"{'-1': 775, '1': 398, '0': 373, '3': 61, '2': 32, '4': 24, '5': 10}","{'-1': 17, '0': 7, '3': 3, '1': 2, '2': 1}","(0, 3)","{0: 7, 3: 3}",4.662089408240678,3.1276761539154156
344722,4352,BCAT1,0.1899999999999999,3,"{'-1': 654, '1': 630, '0': 389}","{'-1': 14, '0': 9, '1': 7}","(0, 1)","{0: 9, 1: 7}",4.5375412899421494,1.4630846736859526
344725,4355,BCAT1,0.1999999999999999,3,"{'1': 670, '-1': 603, '0': 400}","{'-1': 12, '0': 9, '1': 9}","(0, 1)","{0: 9, 1: 9}",4.48607528731376,1.278754863955561
344728,4358,BCAT1,0.2099999999999999,3,"{'1': 697, '-1': 569, '0': 407}","{'-1': 12, '0': 9, '1': 9}","(0, 1)","{0: 9, 1: 9}",4.488526158175847,1.0555415634840852
346132,1721,CDH3,0.1899999999999999,4,"{'0': 802, '-1': 721, '1': 120, '2': 30}","{'-1': 20, '0': 7, '1': 3}","(0, 1)","{0: 7, 1: 3}",5.044000053818988,2.61031807499805
346138,1727,CDH3,0.1999999999999999,4,"{'0': 813, '-1': 674, '1': 137, '2': 49}","{'-1': 18, '0': 7, '1': 5}","(0, 1)","{0: 7, 1: 5}",5.05178378356725,2.492138467716401
346144,1733,CDH3,0.2099999999999999,3,"{'0': 823, '-1': 620, '1': 230}","{'-1': 18, '0': 7, '1': 5}","(0, 1)","{0: 7, 1: 5}",5.640132955531128,2.404927471634003
346147,1736,CDH3,0.2199999999999999,3,"{'0': 828, '-1': 568, '1': 277}","{'-1': 17, '0': 8, '1': 5}","(0, 1)","{0: 8, 1: 5}",5.5195708037864435,2.3616742736801184
346150,1739,CDH3,0.2299999999999999,3,"{'0': 842, '-1': 508, '1': 323}","{'-1': 14, '1': 8, '0': 8}","(0, 1)","{0: 8, 1: 8}",5.599097898321555,1.9412243276376413
346153,1742,CDH3,0.2399999999999999,3,"{'0': 853, '-1': 478, '1': 342}","{'-1': 12, '1': 10, '0': 8}","(0, 1)","{0: 8, 1: 10}",5.58019421049279,1.7579615266581758
350417,2052,LIMCH1,0.1799999999999999,6,"{'-1': 898, '1': 382, '0': 228, '2': 83, '3': 42, '4': 40}","{'-1': 19, '0': 6, '1': 3, '4': 1, '2': 1}","(0, 1)","{0: 6, 1: 3}",4.864006671279739,2.8323513936466735
357703,2767,ERBB3,0.1699999999999999,3,"{'-1': 904, '0': 558, '1': 211}","{'-1': 23, '0': 4, '1': 3}","(0, 1)","{0: 4, 1: 3}",5.1316812492304384,2.7195789619691633
357706,2770,ERBB3,0.1799999999999999,4,"{'-1': 758, '0': 603, '1': 292, '2': 20}","{'-1': 16, '1': 8, '0': 6}","(0, 1)","{0: 6, 1: 8}",5.069897930153617,2.2894216703323647
357712,2776,ERBB3,0.1899999999999999,4,"{'-1': 640, '0': 620, '1': 368, '2': 45}","{'-1': 12, '1': 9, '0': 8, '2': 1}","(0, 1)","{0: 8, 1: 9}",4.9640330654999145,1.413210146227837
359963,750,GSTO2,0.1899999999999999,4,"{'-1': 749, '0': 684, '1': 209, '2': 31}","{'-1': 18, '0': 8, '1': 4}","(0, 1)","{0: 8, 1: 4}",3.65423670134878,1.6303779590859515
359969,756,GSTO2,0.1999999999999999,5,"{'0': 708, '-1': 642, '1': 273, '2': 28, '3': 22}","{'-1': 14, '0': 8, '1': 5, '3': 2, '2': 1}","(0, 1)","{0: 8, 1: 5}",3.588290197389059,1.539102806952791
359979,766,GSTO2,0.2099999999999999,3,"{'0': 769, '-1': 578, '1': 326}","{'1': 11, '-1': 10, '0': 9}","(0, 1)","{0: 9, 1: 11}",3.5549621560800952,1.3655059134289669
365854,3206,TMEM98,0.1799999999999999,6,"{'-1': 839, '1': 377, '0': 226, '3': 133, '2': 74, '4': 24}","{'1': 14, '-1': 11, '3': 3, '2': 1, '0': 1}","(1, 3)","{1: 14, 3: 3}",3.79056699306803,2.16533773194666
365870,3222,TMEM98,0.1899999999999999,5,"{'-1': 708, '2': 411, '1': 310, '3': 154, '0': 90}","{'2': 16, '-1': 8, '3': 4, '0': 1, '1': 1}","(2, 3)","{2: 16, 3: 4}",3.6031433547676466,1.8469776941911973
365873,3225,TMEM98,0.1999999999999999,3,"{'-1': 654, '0': 605, '1': 414}","{'1': 16, '-1': 8, '0': 6}","(0, 1)","{0: 6, 1: 16}",5.120282734476593,1.7339057944171476
367638,1537,FGFR2,0.1899999999999999,5,"{'0': 766, '-1': 750, '1': 66, '3': 57, '2': 34}","{'-1': 15, '0': 10, '1': 3, '3': 2}","(0, 1)","{0: 10, 1: 3}",3.8172438659755112,2.162271428898877
367648,1547,FGFR2,0.1999999999999999,6,"{'0': 778, '-1': 673, '1': 78, '3': 59, '2': 55, '4': 30}","{'-1': 15, '0': 10, '1': 3, '3': 2}","(0, 1)","{0: 10, 1: 3}",3.833519594015839,1.9312872499159857
372154,2122,TRO,0.2199999999999999,3,"{'0': 850, '-1': 647, '1': 176}","{'0': 20, '-1': 6, '1': 4}","(0, 1)","{0: 20, 1: 4}",3.1951677530586537,1.3098552625867872
372768,2736,PRKCZ,0.1999999999999999,4,"{'-1': 863, '0': 718, '2': 46, '1': 46}","{'0': 15, '-1': 12, '1': 3}","(0, 1)","{0: 15, 1: 3}",3.7018978502939,1.8452304722635744
372774,2742,PRKCZ,0.2099999999999999,5,"{'-1': 789, '0': 745, '2': 58, '1': 51, '3': 30}","{'0': 15, '-1': 12, '1': 3}","(0, 1)","{0: 15, 1: 3}",3.6545828703618706,1.6734991753228137
372784,2752,PRKCZ,0.2199999999999999,5,"{'0': 796, '-1': 708, '1': 66, '2': 62, '3': 41}","{'0': 17, '-1': 10, '1': 3}","(0, 1)","{0: 17, 1: 3}",3.635564915571755,1.4656635723488118
372794,2762,PRKCZ,0.2299999999999999,5,"{'0': 825, '-1': 620, '1': 164, '2': 43, '3': 21}","{'0': 17, '-1': 10, '1': 3}","(0, 1)","{0: 17, 1: 3}",3.650456026566154,1.2815138264414545
378415,5099,ICA1,0.1799999999999999,5,"{'-1': 939, '1': 384, '0': 209, '3': 75, '2': 66}","{'-1': 21, '1': 4, '0': 4, '2': 1}","(0, 1)","{0: 4, 1: 4}",4.051148633130771,1.9887852125040737
379283,5967,TFPI,0.1699999999999999,5,"{'-1': 1071, '0': 318, '1': 215, '2': 50, '3': 19}","{'-1': 16, '0': 8, '1': 6}","(0, 1)","{0: 8, 1: 6}",5.101394760593204,2.8196193346042464
379293,5977,TFPI,0.1799999999999999,3,"{'-1': 960, '0': 373, '1': 340}","{'-1': 14, '0': 9, '1': 7}","(0, 1)","{0: 9, 1: 7}",5.239990495200629,2.2342496954463855
379296,5980,TFPI,0.1899999999999999,4,"{'-1': 745, '1': 477, '0': 400, '2': 51}","{'-1': 13, '0': 9, '1': 8}","(0, 1)","{0: 9, 1: 8}",5.332776557816844,1.7881187031946868
379302,5986,TFPI,0.1999999999999999,4,"{'-1': 649, '1': 519, '0': 435, '2': 70}","{'-1': 12, '0': 10, '1': 8}","(0, 1)","{0: 10, 1: 8}",5.276193616599929,1.3754717513408368
382865,851,PRSS22,0.2099999999999999,3,"{'0': 972, '-1': 581, '1': 120}","{'-1': 16, '0': 10, '1': 4}","(0, 1)","{0: 10, 1: 4}",5.0683386695352866,3.1787219496794714
382868,854,PRSS22,0.2199999999999999,5,"{'0': 976, '-1': 498, '1': 142, '2': 38, '3': 19}","{'-1': 16, '0': 10, '1': 4}","(0, 1)","{0: 10, 1: 4}",5.146188206614585,3.022856613656843
382878,864,PRSS22,0.2299999999999999,5,"{'0': 1012, '-1': 403, '1': 162, '2': 74, '3': 22}","{'-1': 13, '0': 10, '1': 4, '3': 3}","(0, 1)","{0: 10, 1: 4}",5.134293669138618,2.6713452378251477
382880,866,PRSS22,0.2299999999999999,5,"{'0': 1012, '-1': 403, '1': 162, '2': 74, '3': 22}","{'-1': 13, '0': 10, '1': 4, '3': 3}","(0, 3)","{0: 10, 3: 3}",6.062719404973153,4.361843348301645
382888,874,PRSS22,0.2399999999999999,3,"{'0': 1021, '-1': 339, '1': 313}","{'0': 12, '1': 10, '-1': 8}","(0, 1)","{0: 12, 1: 10}",4.766034083043915,1.3846638502353246
382891,877,PRSS22,0.2499999999999999,3,"{'0': 1031, '1': 336, '-1': 306}","{'0': 12, '1': 10, '-1': 8}","(0, 1)","{0: 12, 1: 10}",4.804613543357273,1.3168212044542735
382894,880,PRSS22,0.2599999999999999,3,"{'0': 1036, '1': 350, '-1': 287}","{'1': 12, '0': 12, '-1': 6}","(0, 1)","{0: 12, 1: 12}",4.792792337207815,1.181771244290421
385025,3413,COPZ2,0.1599999999999999,5,"{'-1': 1084, '0': 365, '1': 119, '2': 71, '3': 34}","{'-1': 19, '0': 6, '2': 3, '1': 2}","(0, 2)","{0: 6, 2: 3}",3.1524416858647446,1.5952454739830169
385034,3422,COPZ2,0.1699999999999999,5,"{'-1': 991, '1': 381, '2': 143, '0': 93, '3': 65}","{'-1': 17, '1': 7, '2': 3, '0': 3}","(0, 1)","{0: 3, 1: 7}",3.127173598957352,1.5065012621529374
385038,3426,COPZ2,0.1699999999999999,5,"{'-1': 991, '1': 381, '2': 143, '0': 93, '3': 65}","{'-1': 17, '1': 7, '2': 3, '0': 3}","(1, 2)","{1: 7, 2: 3}",4.327011366263504,2.80647010446416
388244,3206,TMEM98,0.1799999999999999,6,"{'-1': 839, '1': 377, '0': 226, '3': 133, '2': 74, '4': 24}","{'1': 14, '-1': 11, '3': 3, '2': 1, '0': 1}","(1, 3)","{1: 14, 3: 3}",3.79056699306803,2.16533773194666
388260,3222,TMEM98,0.1899999999999999,5,"{'-1': 708, '2': 411, '1': 310, '3': 154, '0': 90}","{'2': 16, '-1': 8, '3': 4, '0': 1, '1': 1}","(2, 3)","{2: 16, 3: 4}",3.6031433547676466,1.8469776941911973
388263,3225,TMEM98,0.1999999999999999,3,"{'-1': 654, '0': 605, '1': 414}","{'1': 16, '-1': 8, '0': 6}","(0, 1)","{0: 6, 1: 16}",5.120282734476593,1.7339057944171476
392805,967,ARSD,0.1899999999999999,3,"{'0': 744, '-1': 726, '1': 203}","{'0': 15, '-1': 12, '1': 3}","(0, 1)","{0: 15, 1: 3}",3.40368513932061,1.5342092002565215
392808,970,ARSD,0.1999999999999999,3,"{'0': 800, '-1': 640, '1': 233}","{'0': 15, '-1': 11, '1': 4}","(0, 1)","{0: 15, 1: 4}",3.3931147475616816,1.3028473533216574
393409,2025,PRSS21,0.3099999999999999,3,"{'0': 1234, '-1': 329, '1': 110}","{'0': 24, '-1': 3, '1': 3}","(0, 1)","{0: 24, 1: 3}",4.970621316957969,2.398933480603537
393412,2028,PRSS21,0.3199999999999999,3,"{'0': 1237, '-1': 311, '1': 125}","{'0': 24, '-1': 3, '1': 3}","(0, 1)","{0: 24, 1: 3}",4.932837208258085,2.2227902415625698
393415,2031,PRSS21,0.3299999999999999,3,"{'0': 1238, '-1': 299, '1': 136}","{'0': 24, '-1': 3, '1': 3}","(0, 1)","{0: 24, 1: 3}",4.85839017963869,1.944789813042326
393418,2034,PRSS21,0.3399999999999998,4,"{'0': 1240, '-1': 259, '1': 142, '2': 32}","{'0': 24, '-1': 3, '1': 3}","(0, 1)","{0: 24, 1: 3}",4.86788541448503,1.944789813042326
393428,2044,PRSS21,0.3499999999999998,5,"{'1': 1241, '-1': 215, '2': 145, '0': 43, '3': 29}","{'1': 24, '-1': 3, '2': 3}","(1, 2)","{1: 24, 2: 3}",4.854793223881314,1.837874609125814
393438,2054,PRSS21,0.3599999999999999,5,"{'1': 1238, '-1': 187, '2': 168, '0': 50, '3': 30}","{'1': 24, '-1': 3, '2': 3}","(1, 2)","{1: 24, 2: 3}",4.99077819366839,1.6725123797707369
393444,2060,PRSS21,0.3699999999999999,4,"{'0': 1291, '1': 181, '-1': 165, '2': 36}","{'0': 24, '1': 4, '-1': 2}","(0, 1)","{0: 24, 1: 4}",5.022065592236969,1.441973719732649
393450,2066,PRSS21,0.3799999999999999,3,"{'0': 1298, '1': 227, '-1': 148}","{'0': 24, '1': 4, '-1': 2}","(0, 1)","{0: 24, 1: 4}",5.266546525199359,1.3347142498432056
393453,2069,PRSS21,0.3899999999999998,3,"{'0': 1303, '1': 235, '-1': 135}","{'0': 25, '1': 4, '-1': 1}","(0, 1)","{0: 25, 1: 4}",5.27199955455029,1.160059648316108
399509,3170,MGST1,0.2099999999999999,3,"{'0': 855, '-1': 527, '1': 291}","{'0': 18, '-1': 9, '1': 3}","(0, 1)","{0: 18, 1: 3}",7.466558425629285,3.450945152749469
399512,3173,MGST1,0.2199999999999999,4,"{'0': 874, '-1': 482, '1': 293, '2': 24}","{'0': 18, '-1': 8, '1': 3, '2': 1}","(0, 1)","{0: 18, 1: 3}",7.442467927444456,3.378586202335186
399518,3179,MGST1,0.2299999999999999,3,"{'0': 928, '-1': 447, '1': 298}","{'0': 20, '-1': 7, '1': 3}","(0, 1)","{0: 20, 1: 3}",7.374021802917473,2.9751759158542663
399521,3182,MGST1,0.2399999999999999,3,"{'0': 961, '-1': 399, '1': 313}","{'0': 23, '-1': 4, '1': 3}","(0, 1)","{0: 23, 1: 3}",7.29369844736504,2.439596859198251
399524,3185,MGST1,0.2499999999999999,3,"{'0': 983, '-1': 365, '1': 325}","{'0': 24, '1': 4, '-1': 2}","(0, 1)","{0: 24, 1: 4}",7.250999170247093,2.439596859198251
399527,3188,MGST1,0.2599999999999999,3,"{'0': 996, '-1': 346, '1': 331}","{'0': 24, '1': 4, '-1': 2}","(0, 1)","{0: 24, 1: 4}",7.242119769532875,2.439596859198251
399530,3191,MGST1,0.2699999999999999,3,"{'0': 1012, '1': 333, '-1': 328}","{'0': 24, '1': 4, '-1': 2}","(0, 1)","{0: 24, 1: 4}",7.192697602204567,1.8695852437839569
399533,3194,MGST1,0.2799999999999999,3,"{'0': 1022, '1': 343, '-1': 308}","{'0': 24, '1': 4, '-1': 2}","(0, 1)","{0: 24, 1: 4}",7.183040635079985,1.8695852437839569
399536,3197,MGST1,0.2899999999999999,3,"{'0': 1039, '1': 348, '-1': 286}","{'0': 24, '1': 4, '-1': 2}","(0, 1)","{0: 24, 1: 4}",7.162442426140576,1.4410478265186293
400295,4223,IL32,0.1899999999999999,6,"{'-1': 869, '0': 394, '1': 262, '2': 85, '3': 39, '4': 24}","{'-1': 18, '0': 8, '1': 3, '3': 1}","(0, 1)","{0: 8, 1: 3}",6.253200092581307,2.809716512110044
406353,2605,MRC2,0.1899999999999999,4,"{'-1': 843, '0': 405, '1': 340, '2': 85}","{'-1': 18, '1': 7, '0': 4, '2': 1}","(0, 1)","{0: 4, 1: 7}",3.9767667463539182,1.1996376650839349
414631,2947,GPRC5A,0.1599999999999999,3,"{'-1': 1033, '0': 349, '1': 291}","{'-1': 18, '1': 9, '0': 3}","(0, 1)","{0: 3, 1: 9}",5.895925187088225,3.5774649681437403
414634,2950,GPRC5A,0.1699999999999999,3,"{'-1': 932, '1': 380, '0': 361}","{'-1': 17, '1': 10, '0': 3}","(0, 1)","{0: 3, 1: 10}",5.809670992644763,3.323997464174826
414637,2953,GPRC5A,0.1799999999999999,4,"{'-1': 793, '1': 474, '0': 370, '2': 36}","{'-1': 15, '1': 12, '0': 3}","(0, 1)","{0: 3, 1: 12}",5.795094350923359,2.393186778057184
414643,2959,GPRC5A,0.1899999999999999,3,"{'-1': 698, '1': 596, '0': 379}","{'-1': 15, '1': 12, '0': 3}","(0, 1)","{0: 3, 1: 12}",5.811819953480225,2.0030404543200513
414646,2962,GPRC5A,0.1999999999999999,4,"{'1': 657, '-1': 594, '0': 383, '2': 39}","{'-1': 14, '1': 13, '0': 3}","(0, 1)","{0: 3, 1: 13}",5.7861333080802515,1.7977572782849591
420472,1409,SNAI2,0.1699999999999999,3,"{'-1': 869, '1': 528, '0': 276}","{'-1': 22, '1': 5, '0': 3}","(0, 1)","{0: 3, 1: 5}",4.664221970988973,2.297423131378715
420475,1412,SNAI2,0.1799999999999999,3,"{'-1': 831, '1': 546, '0': 296}","{'-1': 22, '1': 5, '0': 3}","(0, 1)","{0: 3, 1: 5}",4.648651545467257,2.1877986402042167
420478,1415,SNAI2,0.1899999999999999,3,"{'-1': 778, '1': 548, '0': 347}","{'-1': 20, '1': 6, '0': 4}","(0, 1)","{0: 4, 1: 6}",4.7195320924027,2.039908721436636
420481,1418,SNAI2,0.1999999999999999,3,"{'-1': 672, '1': 568, '0': 433}","{'-1': 17, '0': 7, '1': 6}","(0, 1)","{0: 7, 1: 6}",4.517296611015607,1.3439544012173614
422327,3264,SERPINB1,0.2499999999999999,3,"{'0': 1088, '-1': 460, '1': 125}","{'0': 22, '-1': 5, '1': 3}","(0, 1)","{0: 22, 1: 3}",4.9060264573141605,1.3687819083179715
422330,3267,SERPINB1,0.2599999999999999,3,"{'0': 1101, '-1': 433, '1': 139}","{'0': 22, '-1': 5, '1': 3}","(0, 1)","{0: 22, 1: 3}",4.901805673706447,1.2821662660119906
422333,3270,SERPINB1,0.2699999999999999,3,"{'0': 1118, '-1': 414, '1': 141}","{'0': 22, '-1': 5, '1': 3}","(0, 1)","{0: 22, 1: 3}",4.882966222864055,1.2751798356958832
422336,3273,SERPINB1,0.2799999999999999,3,"{'0': 1131, '-1': 389, '1': 153}","{'0': 22, '-1': 5, '1': 3}","(0, 1)","{0: 22, 1: 3}",4.8351270706866405,1.2339571729693706
422339,3276,SERPINB1,0.2899999999999999,3,"{'0': 1158, '-1': 352, '1': 163}","{'0': 22, '-1': 5, '1': 3}","(0, 1)","{0: 22, 1: 3}",4.830825157967036,1.2339571729693706
423244,148,FHL1,0.1699999999999999,3,"{'-1': 1059, '1': 337, '0': 277}","{'-1': 21, '1': 6, '0': 3}","(0, 1)","{0: 3, 1: 6}",4.335356434807339,2.116386574551139
423247,151,FHL1,0.1799999999999999,3,"{'-1': 959, '0': 364, '1': 350}","{'-1': 17, '0': 7, '1': 6}","(0, 1)","{0: 7, 1: 6}",4.340916264409593,1.5703651245081982
423681,585,NLRP2,0.2099999999999999,3,"{'0': 992, '-1': 552, '1': 129}","{'0': 16, '-1': 11, '1': 3}","(0, 1)","{0: 16, 1: 3}",4.66252138966415,2.732535441746437
423684,588,NLRP2,0.2199999999999999,3,"{'0': 992, '-1': 498, '1': 183}","{'0': 16, '-1': 11, '1': 3}","(0, 1)","{0: 16, 1: 3}",4.580824724131837,2.465604905938016
423687,591,NLRP2,0.2299999999999999,3,"{'0': 995, '-1': 461, '1': 217}","{'0': 17, '-1': 9, '1': 4}","(0, 1)","{0: 17, 1: 4}",4.5141753555117905,2.4121656469765553
423690,594,NLRP2,0.2399999999999999,3,"{'0': 1005, '-1': 429, '1': 239}","{'0': 17, '-1': 9, '1': 4}","(0, 1)","{0: 17, 1: 4}",4.451968294029925,1.9060540081447233
423693,597,NLRP2,0.2499999999999999,3,"{'0': 1009, '-1': 396, '1': 268}","{'0': 17, '-1': 7, '1': 6}","(0, 1)","{0: 17, 1: 6}",4.470455985184674,1.9060540081447233
423696,600,NLRP2,0.2599999999999999,3,"{'0': 1013, '-1': 372, '1': 288}","{'0': 17, '1': 7, '-1': 6}","(0, 1)","{0: 17, 1: 7}",4.486781781916318,1.8267315554833177
423699,603,NLRP2,0.2699999999999999,3,"{'0': 1018, '-1': 349, '1': 306}","{'0': 17, '1': 7, '-1': 6}","(0, 1)","{0: 17, 1: 7}",4.457343596364031,1.600644122953426
423702,606,NLRP2,0.2799999999999999,3,"{'0': 1024, '-1': 327, '1': 322}","{'0': 17, '1': 8, '-1': 5}","(0, 1)","{0: 17, 1: 8}",4.416604353938018,1.172923745072148
423705,609,NLRP2,0.2899999999999999,3,"{'0': 1030, '1': 328, '-1': 315}","{'0': 17, '1': 9, '-1': 4}","(0, 1)","{0: 17, 1: 9}",4.44095277914363,1.172923745072148
423708,612,NLRP2,0.2999999999999999,3,"{'0': 1034, '1': 336, '-1': 303}","{'0': 17, '1': 9, '-1': 4}","(0, 1)","{0: 17, 1: 9}",4.4369273023030855,1.0193005559589363
423711,615,NLRP2,0.3099999999999999,3,"{'0': 1039, '1': 344, '-1': 290}","{'0': 17, '1': 9, '-1': 4}","(0, 1)","{0: 17, 1: 9}",4.411746784697879,1.00242673739454
423714,618,NLRP2,0.3199999999999999,3,"{'0': 1046, '1': 348, '-1': 279}","{'0': 17, '1': 9, '-1': 4}","(0, 1)","{0: 17, 1: 9}",4.41515917986596,1.00242673739454
425335,2239,BIRC3,0.1799999999999999,7,"{'-1': 973, '0': 377, '1': 111, '3': 84, '5': 52, '2': 41, '4': 35}","{'-1': 18, '1': 5, '0': 3, '4': 2, '5': 1, '3': 1}","(0, 1)","{0: 3, 1: 5}",3.71650110416728,1.6513049955498529
427095,3999,EHD2,0.1399999999999999,4,"{'-1': 1219, '0': 249, '1': 179, '2': 26}","{'-1': 23, '0': 4, '1': 3}","(0, 1)","{0: 4, 1: 3}",5.212671007059337,3.679717300345739
427101,4005,EHD2,0.1499999999999999,4,"{'-1': 1093, '1': 280, '0': 262, '2': 38}","{'-1': 18, '1': 8, '0': 4}","(0, 1)","{0: 4, 1: 8}",5.195152845835769,3.4205989729435435
427107,4011,EHD2,0.1599999999999999,3,"{'-1': 997, '1': 386, '0': 290}","{'-1': 17, '1': 9, '0': 4}","(0, 1)","{0: 4, 1: 9}",5.205946096712577,3.0117329614660164
427110,4014,EHD2,0.1699999999999999,3,"{'-1': 858, '1': 495, '0': 320}","{'-1': 16, '1': 9, '0': 5}","(0, 1)","{0: 5, 1: 9}",4.963793834873333,2.065170438941281
427113,4017,EHD2,0.1799999999999999,3,"{'-1': 792, '1': 536, '0': 345}","{'-1': 14, '1': 11, '0': 5}","(0, 1)","{0: 5, 1: 11}",4.987307387270371,1.9660906652332784
427116,4020,EHD2,0.1899999999999999,3,"{'-1': 722, '1': 585, '0': 366}","{'1': 12, '-1': 12, '0': 6}","(0, 1)","{0: 6, 1: 12}",4.908695646645422,1.5642310591370694
427119,4023,EHD2,0.1999999999999999,4,"{'-1': 639, '1': 607, '0': 371, '2': 56}","{'1': 12, '-1': 11, '0': 6, '2': 1}","(0, 1)","{0: 6, 1: 12}",4.92463791038587,1.5642310591370694
428959,1378,VIM,0.2099999999999999,3,"{'0': 825, '-1': 590, '1': 258}","{'-1': 15, '0': 10, '1': 5}","(0, 1)","{0: 10, 1: 5}",7.942913529787962,1.6434995771732783
428962,1381,VIM,0.2199999999999999,3,"{'0': 877, '-1': 509, '1': 287}","{'0': 12, '-1': 12, '1': 6}","(0, 1)","{0: 12, 1: 6}",7.796479889876743,1.1382718001722203
436507,653,APBA2,0.1799999999999999,3,"{'-1': 852, '1': 600, '0': 221}","{'-1': 18, '1': 8, '0': 4}","(0, 1)","{0: 4, 1: 8}",3.1461256410014027,1.7052567344388676
436510,656,APBA2,0.1899999999999999,3,"{'-1': 747, '1': 613, '0': 313}","{'-1': 15, '1': 8, '0': 7}","(0, 1)","{0: 7, 1: 8}",3.140046726416818,1.5458463704547707
436513,659,APBA2,0.1999999999999999,3,"{'-1': 674, '1': 632, '0': 367}","{'-1': 14, '0': 8, '1': 8}","(0, 1)","{0: 8, 1: 8}",3.13217834932881,1.408464845355358
436516,662,APBA2,0.2099999999999999,3,"{'1': 642, '-1': 618, '0': 413}","{'-1': 13, '0': 9, '1': 8}","(0, 1)","{0: 9, 1: 8}",3.1440788843062055,1.3554806545983888
441824,2823,CDH1,0.1699999999999999,3,"{'0': 732, '-1': 639, '1': 302}","{'-1': 15, '0': 9, '1': 6}","(0, 1)","{0: 9, 1: 6}",6.590819203277042,3.8492173089711734
441827,2826,CDH1,0.1799999999999999,3,"{'0': 754, '-1': 576, '1': 343}","{'-1': 12, '1': 9, '0': 9}","(0, 1)","{0: 9, 1: 9}",6.605240150678373,3.74451993030448
441830,2829,CDH1,0.1899999999999999,3,"{'0': 765, '-1': 532, '1': 376}","{'-1': 11, '1': 10, '0': 9}","(0, 1)","{0: 9, 1: 10}",6.495392166928416,3.2685311034141016
441833,2832,CDH1,0.1999999999999999,3,"{'0': 771, '-1': 510, '1': 392}","{'-1': 11, '1': 10, '0': 9}","(0, 1)","{0: 9, 1: 10}",6.480368775138996,3.186396513940906
441836,2835,CDH1,0.2099999999999999,3,"{'0': 780, '-1': 473, '1': 420}","{'1': 12, '-1': 9, '0': 9}","(0, 1)","{0: 9, 1: 12}",6.457631132636534,3.001445827788511
441839,2838,CDH1,0.2199999999999999,3,"{'0': 793, '1': 452, '-1': 428}","{'1': 12, '-1': 9, '0': 9}","(0, 1)","{0: 9, 1: 12}",6.3471924274792215,2.216695691166924
441842,2841,CDH1,0.2299999999999999,3,"{'0': 809, '1': 474, '-1': 390}","{'1': 12, '-1': 9, '0': 9}","(0, 1)","{0: 9, 1: 12}",6.256932519029342,1.7346943994350874
444811,1934,TNC,0.1799999999999999,5,"{'-1': 881, '1': 618, '0': 128, '2': 25, '3': 21}","{'-1': 19, '1': 5, '0': 4, '3': 2}","(0, 1)","{0: 4, 1: 5}",5.9623336507564755,2.899786208908568
444821,1944,TNC,0.1899999999999999,5,"{'-1': 718, '1': 635, '0': 248, '2': 42, '3': 30}","{'-1': 18, '0': 7, '1': 5}","(0, 1)","{0: 7, 1: 5}",5.778707134661126,1.297336106704971
453472,1139,KITLG,0.1599999999999999,7,"{'-1': 1026, '3': 232, '1': 215, '2': 103, '0': 48, '5': 37, '4': 12}","{'-1': 16, '3': 8, '1': 3, '2': 3}","(1, 3)","{1: 3, 3: 8}",3.898009064713289,2.1753670865105605
454502,2300,EPN3,0.2299999999999999,4,"{'0': 1002, '-1': 466, '1': 172, '2': 33}","{'-1': 14, '0': 13, '1': 3}","(0, 1)","{0: 13, 1: 3}",3.425748138412772,1.131529622705302
454508,2306,EPN3,0.2399999999999999,3,"{'0': 1045, '-1': 433, '1': 195}","{'-1': 14, '0': 13, '1': 3}","(0, 1)","{0: 13, 1: 3}",3.4455823516192785,1.036372389664962
456400,189,ARHGEF5,0.1499999999999999,3,"{'-1': 995, '0': 364, '1': 314}","{'-1': 20, '0': 6, '1': 4}","(0, 1)","{0: 6, 1: 4}",3.921045916689588,2.4052031391742683
456403,192,ARHGEF5,0.1599999999999999,3,"{'-1': 933, '0': 376, '1': 364}","{'-1': 19, '0': 6, '1': 5}","(0, 1)","{0: 6, 1: 5}",3.897887124730536,2.276190415891297
456406,195,ARHGEF5,0.1699999999999999,4,"{'-1': 832, '1': 427, '0': 396, '2': 18}","{'-1': 17, '1': 7, '0': 6}","(0, 1)","{0: 6, 1: 7}",3.892121292037865,2.036758550010118
456412,201,ARHGEF5,0.1799999999999999,3,"{'-1': 773, '1': 469, '0': 431}","{'-1': 15, '1': 9, '0': 6}","(0, 1)","{0: 6, 1: 9}",3.9136802235846058,2.0182622063927287
456415,204,ARHGEF5,0.1899999999999999,4,"{'-1': 694, '1': 513, '0': 438, '2': 28}","{'-1': 12, '1': 11, '0': 6, '2': 1}","(0, 1)","{0: 6, 1: 11}",3.870088918603654,1.7921951148865984
456421,210,ARHGEF5,0.1999999999999999,4,"{'-1': 642, '1': 531, '0': 442, '2': 58}","{'1': 13, '-1': 10, '0': 6, '2': 1}","(0, 1)","{0: 6, 1: 13}",3.8622874299576417,1.7768743156028424
458801,2842,CYBA,0.2399999999999999,3,"{'0': 1056, '-1': 441, '1': 176}","{'0': 19, '-1': 7, '1': 4}","(0, 1)","{0: 19, 1: 4}",6.9603984132846115,2.837334079550474
458804,2845,CYBA,0.2499999999999999,4,"{'0': 1081, '-1': 384, '1': 188, '2': 20}","{'0': 19, '-1': 6, '1': 4, '2': 1}","(0, 1)","{0: 19, 1: 4}",6.906366017383745,2.292086083358437
458810,2851,CYBA,0.2599999999999999,3,"{'0': 1132, '-1': 340, '1': 201}","{'0': 20, '-1': 5, '1': 5}","(0, 1)","{0: 20, 1: 5}",6.806723371134011,1.6840569156538918
458813,2854,CYBA,0.2699999999999999,3,"{'0': 1144, '-1': 326, '1': 203}","{'0': 20, '-1': 5, '1': 5}","(0, 1)","{0: 20, 1: 5}",6.792316004594059,1.564174028050012
458816,2857,CYBA,0.2799999999999999,3,"{'0': 1169, '-1': 294, '1': 210}","{'0': 20, '-1': 5, '1': 5}","(0, 1)","{0: 20, 1: 5}",6.757294981157531,1.2259262750100093
458819,2860,CYBA,0.2899999999999999,3,"{'0': 1184, '-1': 266, '1': 223}","{'0': 20, '-1': 5, '1': 5}","(0, 1)","{0: 20, 1: 5}",6.722685905890222,1.148981741469814
459576,3617,PRSS8,0.1799999999999999,3,"{'0': 946, '-1': 557, '1': 170}","{'-1': 17, '0': 9, '1': 4}","(0, 1)","{0: 9, 1: 4}",5.904920621091318,3.783980413683795
459579,3620,PRSS8,0.1899999999999999,3,"{'0': 956, '-1': 497, '1': 220}","{'-1': 12, '0': 10, '1': 8}","(0, 1)","{0: 10, 1: 8}",5.884650357238248,3.513393564958201
459582,3623,PRSS8,0.1999999999999999,3,"{'0': 958, '-1': 468, '1': 247}","{'-1': 11, '0': 10, '1': 9}","(0, 1)","{0: 10, 1: 9}",5.873008897789308,3.218423519133502
459585,3626,PRSS8,0.2099999999999999,3,"{'0': 960, '-1': 443, '1': 270}","{'-1': 11, '0': 10, '1': 9}","(0, 1)","{0: 10, 1: 9}",5.916542611799771,3.070389327891398
459588,3629,PRSS8,0.2199999999999999,3,"{'0': 968, '-1': 413, '1': 292}","{'1': 11, '0': 10, '-1': 9}","(0, 1)","{0: 10, 1: 11}",5.905598658736917,2.8004222078957195
459591,3632,PRSS8,0.2299999999999999,3,"{'0': 973, '-1': 380, '1': 320}","{'1': 11, '0': 10, '-1': 9}","(0, 1)","{0: 10, 1: 11}",5.823107066257655,2.3496129718245222
459594,3635,PRSS8,0.2399999999999999,3,"{'0': 986, '-1': 347, '1': 340}","{'1': 13, '0': 10, '-1': 7}","(0, 1)","{0: 10, 1: 13}",5.8051573941986145,2.3496129718245222
459597,3638,PRSS8,0.2499999999999999,3,"{'0': 989, '1': 351, '-1': 333}","{'1': 14, '0': 10, '-1': 6}","(0, 1)","{0: 10, 1: 14}",5.784342373533858,2.14418358898575
459600,3641,PRSS8,0.2599999999999999,3,"{'0': 990, '1': 359, '-1': 324}","{'1': 14, '0': 10, '-1': 6}","(0, 1)","{0: 10, 1: 14}",5.788166032354752,2.14418358898575
459603,3644,PRSS8,0.2699999999999999,3,"{'0': 998, '1': 379, '-1': 296}","{'1': 14, '0': 10, '-1': 6}","(0, 1)","{0: 10, 1: 14}",5.742657398337582,2.0646011755299902
459606,3647,PRSS8,0.2799999999999999,3,"{'0': 1021, '1': 385, '-1': 267}","{'1': 14, '0': 11, '-1': 5}","(0, 1)","{0: 11, 1: 14}",5.724624779047063,1.688183221079926
459609,3650,PRSS8,0.2899999999999999,3,"{'0': 1021, '1': 399, '-1': 253}","{'1': 14, '0': 11, '-1': 5}","(0, 1)","{0: 11, 1: 14}",5.7082619804039405,1.4817323436125
459612,3653,PRSS8,0.2999999999999999,3,"{'0': 1021, '1': 405, '-1': 247}","{'1': 14, '0': 11, '-1': 5}","(0, 1)","{0: 11, 1: 14}",5.683725002197024,1.3226658576448809
459615,3656,PRSS8,0.3099999999999999,3,"{'0': 1026, '1': 418, '-1': 229}","{'1': 14, '0': 11, '-1': 5}","(0, 1)","{0: 11, 1: 14}",5.6455911612468945,1.3226658576448809
459618,3659,PRSS8,0.3199999999999999,3,"{'0': 1030, '1': 426, '-1': 217}","{'1': 14, '0': 11, '-1': 5}","(0, 1)","{0: 11, 1: 14}",5.62699437373522,1.1066516257590442
459621,3662,PRSS8,0.3299999999999999,3,"{'0': 1035, '1': 431, '-1': 207}","{'1': 14, '0': 11, '-1': 5}","(0, 1)","{0: 11, 1: 14}",5.624628162014903,1.1066516257590442
461347,1431,LAMA3,0.1999999999999999,6,"{'-1': 649, '0': 506, '2': 283, '4': 109, '3': 75, '1': 51}","{'-1': 12, '0': 8, '4': 5, '2': 3, '1': 1, '3': 1}","(0, 2)","{0: 8, 2: 3}",4.552768847851815,1.668116186410319
468484,958,PKP2,0.1499999999999999,3,"{'-1': 1154, '0': 420, '1': 99}","{'-1': 21, '0': 5, '1': 4}","(0, 1)","{0: 5, 1: 4}",4.187384582899796,3.235888263820671
468487,961,PKP2,0.1599999999999999,4,"{'-1': 1053, '0': 434, '1': 114, '2': 72}","{'-1': 20, '0': 5, '1': 4, '2': 1}","(0, 1)","{0: 5, 1: 4}",4.177697341801816,3.143965774379632
468493,967,PKP2,0.1699999999999999,4,"{'-1': 972, '0': 450, '1': 233, '2': 18}","{'-1': 19, '1': 6, '0': 5}","(0, 1)","{0: 5, 1: 6}",3.7914927937220417,2.0469044645905696
468499,973,PKP2,0.1799999999999999,4,"{'-1': 878, '0': 463, '1': 302, '2': 30}","{'-1': 17, '1': 7, '0': 6}","(0, 1)","{0: 6, 1: 7}",3.649097614915547,1.7858751946471525
468505,979,PKP2,0.1899999999999999,4,"{'-1': 779, '0': 477, '1': 377, '2': 40}","{'-1': 15, '1': 8, '0': 6, '2': 1}","(0, 1)","{0: 6, 1: 8}",3.663451772182053,1.406424368974136
468511,985,PKP2,0.1999999999999999,4,"{'-1': 716, '0': 483, '1': 432, '2': 42}","{'-1': 14, '1': 9, '0': 6, '2': 1}","(0, 1)","{0: 6, 1: 9}",3.66408394703152,1.2918708610311829
469791,2510,LAMC2,0.1899999999999999,5,"{'0': 716, '-1': 697, '1': 188, '3': 37, '2': 35}","{'-1': 19, '0': 6, '1': 3, '3': 2}","(0, 1)","{0: 6, 1: 3}",6.2471633369748325,3.200049766693556
469801,2520,LAMC2,0.1999999999999999,4,"{'0': 736, '-1': 585, '1': 341, '2': 11}","{'-1': 17, '1': 7, '0': 6}","(0, 1)","{0: 6, 1: 7}",5.668048539395654,1.436487859150218
469807,2526,LAMC2,0.2099999999999999,3,"{'0': 761, '-1': 544, '1': 368}","{'-1': 15, '1': 8, '0': 7}","(0, 1)","{0: 7, 1: 8}",5.63371361999949,1.2364100237013051
469810,2529,LAMC2,0.2199999999999999,3,"{'0': 772, '-1': 480, '1': 421}","{'-1': 15, '1': 8, '0': 7}","(0, 1)","{0: 7, 1: 8}",5.51998000492392,1.1026460485412977
472937,1587,SLC2A3,0.1799999999999999,5,"{'-1': 934, '0': 370, '1': 292, '2': 46, '3': 31}","{'0': 13, '-1': 12, '1': 4, '3': 1}","(0, 1)","{0: 13, 1: 4}",3.9187555057161303,1.3367250968154425
472947,1597,SLC2A3,0.1899999999999999,4,"{'-1': 856, '1': 390, '0': 382, '2': 45}","{'1': 13, '-1': 12, '0': 4, '2': 1}","(0, 1)","{0: 4, 1: 13}",4.07149675456146,1.0389356625469433
474178,2828,GNA15,0.2199999999999999,3,"{'0': 976, '-1': 532, '1': 165}","{'0': 14, '-1': 13, '1': 3}","(0, 1)","{0: 14, 1: 3}",3.780469042463944,2.063325935368829
474181,2831,GNA15,0.2299999999999999,3,"{'0': 991, '-1': 477, '1': 205}","{'0': 14, '-1': 13, '1': 3}","(0, 1)","{0: 14, 1: 3}",3.8025750056884178,1.8311688609505936
474184,2834,GNA15,0.2399999999999999,3,"{'0': 1000, '-1': 425, '1': 248}","{'0': 15, '-1': 10, '1': 5}","(0, 1)","{0: 15, 1: 5}",3.8672927046896226,1.5573502695132964
474187,2837,GNA15,0.2499999999999999,3,"{'0': 1007, '-1': 391, '1': 275}","{'0': 16, '-1': 9, '1': 5}","(0, 1)","{0: 16, 1: 5}",3.896859443751936,1.458270495805294
474496,3277,PTPRU,0.1999999999999999,6,"{'-1': 835, '0': 481, '1': 155, '2': 139, '3': 38, '4': 25}","{'-1': 13, '0': 11, '1': 3, '2': 1, '4': 1, '3': 1}","(0, 1)","{0: 11, 1: 3}",3.7552455517377976,1.6809315592518783
475405,4333,BCAT1,0.1799999999999999,7,"{'-1': 775, '1': 398, '0': 373, '3': 61, '2': 32, '4': 24, '5': 10}","{'-1': 17, '0': 7, '3': 3, '1': 2, '2': 1}","(0, 3)","{0: 7, 3: 3}",4.662089408240678,3.1276761539154156
475424,4352,BCAT1,0.1899999999999999,3,"{'-1': 654, '1': 630, '0': 389}","{'-1': 14, '0': 9, '1': 7}","(0, 1)","{0: 9, 1: 7}",4.5375412899421494,1.4630846736859526
475427,4355,BCAT1,0.1999999999999999,3,"{'1': 670, '-1': 603, '0': 400}","{'-1': 12, '0': 9, '1': 9}","(0, 1)","{0: 9, 1: 9}",4.48607528731376,1.278754863955561
475430,4358,BCAT1,0.2099999999999999,3,"{'1': 697, '-1': 569, '0': 407}","{'-1': 12, '0': 9, '1': 9}","(0, 1)","{0: 9, 1: 9}",4.488526158175847,1.0555415634840852
476834,1721,CDH3,0.1899999999999999,4,"{'0': 802, '-1': 721, '1': 120, '2': 30}","{'-1': 20, '0': 7, '1': 3}","(0, 1)","{0: 7, 1: 3}",5.044000053818988,2.61031807499805
476840,1727,CDH3,0.1999999999999999,4,"{'0': 813, '-1': 674, '1': 137, '2': 49}","{'-1': 18, '0': 7, '1': 5}","(0, 1)","{0: 7, 1: 5}",5.05178378356725,2.492138467716401
476846,1733,CDH3,0.2099999999999999,3,"{'0': 823, '-1': 620, '1': 230}","{'-1': 18, '0': 7, '1': 5}","(0, 1)","{0: 7, 1: 5}",5.640132955531128,2.404927471634003
476849,1736,CDH3,0.2199999999999999,3,"{'0': 828, '-1': 568, '1': 277}","{'-1': 17, '0': 8, '1': 5}","(0, 1)","{0: 8, 1: 5}",5.5195708037864435,2.3616742736801184
476852,1739,CDH3,0.2299999999999999,3,"{'0': 842, '-1': 508, '1': 323}","{'-1': 14, '1': 8, '0': 8}","(0, 1)","{0: 8, 1: 8}",5.599097898321555,1.9412243276376413
476855,1742,CDH3,0.2399999999999999,3,"{'0': 853, '-1': 478, '1': 342}","{'-1': 12, '1': 10, '0': 8}","(0, 1)","{0: 8, 1: 10}",5.58019421049279,1.7579615266581758
481119,2052,LIMCH1,0.1799999999999999,6,"{'-1': 898, '1': 382, '0': 228, '2': 83, '3': 42, '4': 40}","{'-1': 19, '0': 6, '1': 3, '4': 1, '2': 1}","(0, 1)","{0: 6, 1: 3}",4.864006671279739,2.8323513936466735
488405,2767,ERBB3,0.1699999999999999,3,"{'-1': 904, '0': 558, '1': 211}","{'-1': 23, '0': 4, '1': 3}","(0, 1)","{0: 4, 1: 3}",5.1316812492304384,2.7195789619691633
488408,2770,ERBB3,0.1799999999999999,4,"{'-1': 758, '0': 603, '1': 292, '2': 20}","{'-1': 16, '1': 8, '0': 6}","(0, 1)","{0: 6, 1: 8}",5.069897930153617,2.2894216703323647
488414,2776,ERBB3,0.1899999999999999,4,"{'-1': 640, '0': 620, '1': 368, '2': 45}","{'-1': 12, '1': 9, '0': 8, '2': 1}","(0, 1)","{0: 8, 1: 9}",4.9640330654999145,1.413210146227837
490665,750,GSTO2,0.1899999999999999,4,"{'-1': 749, '0': 684, '1': 209, '2': 31}","{'-1': 18, '0': 8, '1': 4}","(0, 1)","{0: 8, 1: 4}",3.65423670134878,1.6303779590859515
490671,756,GSTO2,0.1999999999999999,5,"{'0': 708, '-1': 642, '1': 273, '2': 28, '3': 22}","{'-1': 14, '0': 8, '1': 5, '3': 2, '2': 1}","(0, 1)","{0: 8, 1: 5}",3.588290197389059,1.539102806952791
490681,766,GSTO2,0.2099999999999999,3,"{'0': 769, '-1': 578, '1': 326}","{'1': 11, '-1': 10, '0': 9}","(0, 1)","{0: 9, 1: 11}",3.5549621560800952,1.3655059134289669
495087,1537,FGFR2,0.1899999999999999,5,"{'0': 766, '-1': 750, '1': 66, '3': 57, '2': 34}","{'-1': 15, '0': 10, '1': 3, '3': 2}","(0, 1)","{0: 10, 1: 3}",3.8172438659755112,2.162271428898877
495097,1547,FGFR2,0.1999999999999999,6,"{'0': 778, '-1': 673, '1': 78, '3': 59, '2': 55, '4': 30}","{'-1': 15, '0': 10, '1': 3, '3': 2}","(0, 1)","{0: 10, 1: 3}",3.833519594015839,1.9312872499159857
499603,2122,TRO,0.2199999999999999,3,"{'0': 850, '-1': 647, '1': 176}","{'0': 20, '-1': 6, '1': 4}","(0, 1)","{0: 20, 1: 4}",3.1951677530586537,1.3098552625867872
500217,2736,PRKCZ,0.1999999999999999,4,"{'-1': 863, '0': 718, '2': 46, '1': 46}","{'0': 15, '-1': 12, '1': 3}","(0, 1)","{0: 15, 1: 3}",3.7018978502939,1.8452304722635744
500223,2742,PRKCZ,0.2099999999999999,5,"{'-1': 789, '0': 745, '2': 58, '1': 51, '3': 30}","{'0': 15, '-1': 12, '1': 3}","(0, 1)","{0: 15, 1: 3}",3.6545828703618706,1.6734991753228137
500233,2752,PRKCZ,0.2199999999999999,5,"{'0': 796, '-1': 708, '1': 66, '2': 62, '3': 41}","{'0': 17, '-1': 10, '1': 3}","(0, 1)","{0: 17, 1: 3}",3.635564915571755,1.4656635723488118
500243,2762,PRKCZ,0.2299999999999999,5,"{'0': 825, '-1': 620, '1': 164, '2': 43, '3': 21}","{'0': 17, '-1': 10, '1': 3}","(0, 1)","{0: 17, 1: 3}",3.650456026566154,1.2815138264414545
510854,3619,DAPP1,0.2299999999999999,5,"{'0': 884, '-1': 593, '1': 134, '3': 32, '2': 30}","{'0': 17, '-1': 7, '1': 5, '2': 1}","(0, 1)","{0: 17, 1: 5}",3.498537946439569,1.6397700590698083
510864,3629,DAPP1,0.2399999999999999,5,"{'0': 891, '-1': 559, '1': 156, '2': 37, '3': 30}","{'0': 17, '-1': 6, '1': 6, '2': 1}","(0, 1)","{0: 17, 1: 6}",3.5137082603600573,1.4607557995846796
510874,3639,DAPP1,0.2499999999999999,5,"{'0': 935, '-1': 478, '1': 184, '2': 46, '3': 30}","{'0': 17, '1': 7, '-1': 5, '2': 1}","(0, 1)","{0: 17, 1: 7}",3.4784464907088393,1.3088192158342624
510884,3649,DAPP1,0.2599999999999999,6,"{'0': 947, '-1': 398, '1': 229, '2': 55, '3': 30, '4': 14}","{'0': 17, '1': 7, '-1': 3, '2': 2, '4': 1}","(0, 1)","{0: 17, 1: 7}",3.5254640711512173,1.0517614276897416
518621,43,CYBRD1,0.1999999999999999,3,"{'-1': 727, '1': 668, '0': 278}","{'1': 16, '-1': 11, '0': 3}","(0, 1)","{0: 3, 1: 16}",4.333687827551519,1.1684536142256443
518624,46,CYBRD1,0.2099999999999999,3,"{'1': 709, '-1': 677, '0': 287}","{'1': 17, '-1': 10, '0': 3}","(0, 1)","{0: 3, 1: 17}",4.353879574611578,1.1100894517116555
518627,49,CYBRD1,0.2199999999999999,3,"{'1': 733, '-1': 640, '0': 300}","{'1': 17, '-1': 10, '0': 3}","(0, 1)","{0: 3, 1: 17}",4.332433677029808,1.027136129937514
529716,3904,PPP2R2C,0.2299999999999999,4,"{'0': 932, '-1': 535, '2': 143, '1': 63}","{'-1': 15, '0': 12, '2': 3}","(0, 2)","{0: 12, 2: 3}",3.645186337623988,1.2085402261901534
530970,628,MGLL,0.1999999999999999,3,"{'-1': 742, '0': 705, '1': 226}","{'-1': 14, '0': 13, '1': 3}","(0, 1)","{0: 13, 1: 3}",4.437690152185291,1.175961391172981
530973,631,MGLL,0.2099999999999999,3,"{'0': 738, '-1': 690, '1': 245}","{'0': 14, '-1': 13, '1': 3}","(0, 1)","{0: 14, 1: 3}",4.4073161030159484,1.108813487138925
548038,2790,FGFR1,0.1899999999999999,6,"{'-1': 846, '0': 596, '1': 129, '4': 44, '2': 40, '3': 18}","{'-1': 14, '0': 12, '4': 3, '1': 1}","(0, 4)","{0: 12, 4: 3}",4.739991266238801,1.6822597020760717
548050,2802,FGFR1,0.1999999999999999,4,"{'-1': 750, '0': 676, '1': 188, '2': 59}","{'0': 15, '-1': 11, '1': 4}","(0, 1)","{0: 15, 1: 4}",4.708792812997327,1.224759435880364
555165,2109,LXN,0.1599999999999999,3,"{'-1': 1071, '1': 461, '0': 141}","{'-1': 20, '1': 7, '0': 3}","(0, 1)","{0: 3, 1: 7}",3.4473274255391004,2.09456300153298
555168,2112,LXN,0.1699999999999999,6,"{'-1': 930, '1': 482, '0': 168, '2': 41, '4': 27, '3': 25}","{'-1': 20, '1': 7, '0': 3}","(0, 1)","{0: 3, 1: 7}",3.4548740603433834,1.9347696281839553
555183,2127,LXN,0.1799999999999999,3,"{'-1': 831, '1': 524, '0': 318}","{'-1': 17, '1': 9, '0': 4}","(0, 1)","{0: 4, 1: 9}",3.734612770652393,1.5877236403982131
555186,2130,LXN,0.1899999999999999,3,"{'-1': 769, '1': 527, '0': 377}","{'-1': 16, '1': 9, '0': 5}","(0, 1)","{0: 5, 1: 9}",3.629512155161234,1.3740401274066527
555189,2133,LXN,0.1999999999999999,4,"{'-1': 705, '1': 535, '0': 416, '2': 17}","{'-1': 14, '1': 9, '0': 6, '2': 1}","(0, 1)","{0: 6, 1: 9}",3.6127165658131366,1.338047760250639
